ACACIA_BOAT	Acacia Boat	Bateau en acacia
ACACIA_BUTTON	Acacia Button	Bouton en acacia
ACACIA_CHEST_BOAT	Acacia Boat with Chest	Bateau de stockage en acacia
ACACIA_DOOR	Acacia Door	Porte en acacia
ACACIA_FENCE	Acacia Fence	Barrière en acacia
ACACIA_FENCE_GATE	Acacia Fence Gate	Portillon en acacia
ACACIA_HANGING_SIGN	Acacia Hanging Sign	Pancarte suspendue en acacia
ACACIA_LEAVES	Acacia Leaves	Feuilles d'acacia
ACACIA_LOG	Acacia Log	Bûche d'acacia
ACACIA_PLANKS	Acacia Planks	Planches d'acacia
ACACIA_PRESSURE_PLATE	Acacia Pressure Plate	Plaque de pression en acacia
ACACIA_SAPLING	Acacia Sapling	Pousse d'acacia
ACACIA_SHELF	Acacia Shelf	Étagère en acacia
ACACIA_SIGN	Acacia Sign	Pancarte en acacia
ACACIA_SLAB	Acacia Slab	Dalle en acacia
ACACIA_STAIRS	Acacia Stairs	Escalier en acacia
ACACIA_TRAPDOOR	Acacia Trapdoor	Trappe en acacia
ACACIA_WALL_HANGING_SIGN	Acacia Wall Hanging Sign	Pancarte suspendue en acacia murale
ACACIA_WALL_SIGN	Acacia Wall Sign	Pancarte en acacia murale
ACACIA_WOOD	Acacia Wood	Bois d'acacia
ACTIVATOR_RAIL	Activator Rail	Rails déclencheurs
AIR	Air	Air
ALLAY_SPAWN_EGG	Allay Spawn Egg	Oeuf d'apparition d'Allay
ALLIUM	Allium	Allium
AMETHYST_BLOCK	Block of Amethyst	Bloc d'améthyste
AMETHYST_CLUSTER	Amethyst Cluster	Amas d'améthyste
AMETHYST_SHARD	Amethyst Shard	Éclat d'améthyste
ANCIENT_DEBRIS	Ancient Debris	Débris antiques
ANDESITE	Andesite	Andésite
ANDESITE_SLAB	Andesite Slab	Dalle d'andésite
ANDESITE_STAIRS	Andesite Stairs	Escalier en andésite
ANDESITE_WALL	Andesite Wall	Muret d'andésite
ANGLER_POTTERY_SHERD	Angler Pottery Sherd	Tesson de poterie de pêcheur
ANVIL	Anvil	Enclume
APPLE	Apple	Pomme
ARCHER_POTTERY_SHERD	Archer Pottery Sherd	Tesson de poterie d'archer
ARMADILLO_SCUTE	Armadillo Scute	Écaille de tatou
ARMADILLO_SPAWN_EGG	Armadillo Spawn Egg	Oeuf d'apparition de tatou
ARMOR_STAND	Armor Stand	Porte-armure
ARMS_UP_POTTERY_SHERD	Arms Up Pottery Sherd	Tesson de poterie de figure
ARROW	Arrow	Flèche
ATTACHED_MELON_STEM	Attached Melon Stem	Tige de pastèque attachée
ATTACHED_PUMPKIN_STEM	Attached Pumpkin Stem	Tige de citrouille attachée
AXOLOTL_BUCKET	Bucket of Axolotl	Axolotl dans un seau
AXOLOTL_SPAWN_EGG	Axolotl Spawn Egg	Oeuf d'apparition d'axolotl
AZALEA	Azalea	Azalée
AZALEA_LEAVES	Azalea Leaves	Feuilles d'azalée
AZURE_BLUET	Azure Bluet	Houstonie bleue
BAKED_POTATO	Baked Potato	Pomme de terre cuite
BAMBOO	Bamboo	Bambou
BAMBOO_BLOCK	Block of Bamboo	Bloc de bambou
BAMBOO_BUTTON	Bamboo Button	Bouton en bambou
BAMBOO_CHEST_RAFT	Bamboo Raft with Chest	Radeau de stockage en bambou
BAMBOO_DOOR	Bamboo Door	Porte en bambou
BAMBOO_FENCE	Bamboo Fence	Barrière en bambou
BAMBOO_FENCE_GATE	Bamboo Fence Gate	Portillon en bambou
BAMBOO_HANGING_SIGN	Bamboo Hanging Sign	Pancarte suspendue en bambou
BAMBOO_MOSAIC	Bamboo Mosaic	Mosaïque de bambou
BAMBOO_MOSAIC_SLAB	Bamboo Mosaic Slab	Dalle de mosaïque de bambou
BAMBOO_MOSAIC_STAIRS	Bamboo Mosaic Stairs	Escalier en mosaïque de bambou
BAMBOO_PLANKS	Bamboo Planks	Planches de bambou
BAMBOO_PRESSURE_PLATE	Bamboo Pressure Plate	Plaque de pression en bambou
BAMBOO_RAFT	Bamboo Raft	Radeau en bambou
BAMBOO_SAPLING	Bamboo Shoot	Pousse de bambou
BAMBOO_SHELF	Bamboo Shelf	Étagère en bambou
BAMBOO_SIGN	Bamboo Sign	Pancarte en bambou
BAMBOO_SLAB	Bamboo Slab	Dalle en bambou
BAMBOO_STAIRS	Bamboo Stairs	Escalier en bambou
BAMBOO_TRAPDOOR	Bamboo Trapdoor	Trappe en bambou
BAMBOO_WALL_HANGING_SIGN	Bamboo Wall Hanging Sign	Pancarte suspendue en bambou murale
BAMBOO_WALL_SIGN	Bamboo Wall Sign	Pancarte en bambou murale
BARREL	Barrel	Tonneau
BARRIER	Barrier	Barrière invisible
BASALT	Basalt	Basalte
BAT_SPAWN_EGG	Bat Spawn Egg	Oeuf d'apparition de chauve-souris
BEACON	Beacon	Balise
BEDROCK	Bedrock	Bedrock
BEEF	Raw Beef	Boeuf cru
BEEHIVE	Beehive	Ruche
BEETROOT	Beetroot	Betterave
BEETROOTS	Beetroots	Betteraves
BEETROOT_SEEDS	Beetroot Seeds	Graines de betterave
BEETROOT_SOUP	Beetroot Soup	Soupe de betteraves
BEE_NEST	Bee Nest	Nid d'abeilles
BEE_SPAWN_EGG	Bee Spawn Egg	Oeuf d'apparition d'abeille
BELL	Bell	Cloche
BIG_DRIPLEAF	Big Dripleaf	Grande foliogoutte
BIG_DRIPLEAF_STEM	Big Dripleaf Stem	Tige de grande foliogoutte
BIRCH_BOAT	Birch Boat	Bateau en bouleau
BIRCH_BUTTON	Birch Button	Bouton en bouleau
BIRCH_CHEST_BOAT	Birch Boat with Chest	Bateau de stockage en bouleau
BIRCH_DOOR	Birch Door	Porte en bouleau
BIRCH_FENCE	Birch Fence	Barrière en bouleau
BIRCH_FENCE_GATE	Birch Fence Gate	Portillon en bouleau
BIRCH_HANGING_SIGN	Birch Hanging Sign	Pancarte suspendue en bouleau
BIRCH_LEAVES	Birch Leaves	Feuilles de bouleau
BIRCH_LOG	Birch Log	Bûche de bouleau
BIRCH_PLANKS	Birch Planks	Planches de bouleau
BIRCH_PRESSURE_PLATE	Birch Pressure Plate	Plaque de pression en bouleau
BIRCH_SAPLING	Birch Sapling	Pousse de bouleau
BIRCH_SHELF	Birch Shelf	Étagère en bouleau
BIRCH_SIGN	Birch Sign	Pancarte en bouleau
BIRCH_SLAB	Birch Slab	Dalle en bouleau
BIRCH_STAIRS	Birch Stairs	Escalier en bouleau
BIRCH_TRAPDOOR	Birch Trapdoor	Trappe en bouleau
BIRCH_WALL_HANGING_SIGN	Birch Wall Hanging Sign	Pancarte suspendue en bouleau murale
BIRCH_WALL_SIGN	Birch Wall Sign	Pancarte en bouleau murale
BIRCH_WOOD	Birch Wood	Bois de bouleau
BLACKSTONE	Blackstone	Roche noire
BLACKSTONE_SLAB	Blackstone Slab	Dalle de roche noire
BLACKSTONE_STAIRS	Blackstone Stairs	Escalier en roche noire
BLACKSTONE_WALL	Blackstone Wall	Muret de roche noire
BLACK_BANNER	Black Banner	Bannière noire
BLACK_BED	Black Bed	Lit noir
BLACK_BUNDLE	Black Bundle	Sac noir
BLACK_CANDLE	Black Candle	Bougie noire
BLACK_CANDLE_CAKE	Cake with Black Candle	Gâteau à bougie noire
BLACK_CARPET	Black Carpet	Tapis noir
BLACK_CONCRETE	Black Concrete	Béton noir
BLACK_CONCRETE_POWDER	Black Concrete Powder	Béton noir en poudre
BLACK_DYE	Black Dye	Teinture noire
BLACK_GLAZED_TERRACOTTA	Black Glazed Terracotta	Terre cuite émaillée noire
BLACK_HARNESS	Black Harness	Harnais noir
BLACK_SHULKER_BOX	Black Shulker Box	Boîte de Shulker noire
BLACK_STAINED_GLASS	Black Stained Glass	Verre noir
BLACK_STAINED_GLASS_PANE	Black Stained Glass Pane	Vitre noire
BLACK_TERRACOTTA	Black Terracotta	Terre cuite noire
BLACK_WOOL	Black Wool	Laine noire
BLADE_POTTERY_SHERD	Blade Pottery Sherd	Tesson de poterie de lame
BLAST_FURNACE	Blast Furnace	Haut fourneau
BLAZE_POWDER	Blaze Powder	Poudre de Blaze
BLAZE_ROD	Blaze Rod	Bâton de Blaze
BLAZE_SPAWN_EGG	Blaze Spawn Egg	Oeuf d'apparition de Blaze
BLUE_BANNER	Blue Banner	Bannière bleue
BLUE_BED	Blue Bed	Lit bleu
BLUE_BUNDLE	Blue Bundle	Sac bleu
BLUE_CANDLE	Blue Candle	Bougie bleue
BLUE_CANDLE_CAKE	Cake with Blue Candle	Gâteau à bougie bleue
BLUE_CARPET	Blue Carpet	Tapis bleu
BLUE_CONCRETE	Blue Concrete	Béton bleu
BLUE_CONCRETE_POWDER	Blue Concrete Powder	Béton bleu en poudre
BLUE_DYE	Blue Dye	Teinture bleue
BLUE_EGG	Blue Egg	Oeuf bleu
BLUE_GLAZED_TERRACOTTA	Blue Glazed Terracotta	Terre cuite émaillée bleue
BLUE_HARNESS	Blue Harness	Harnais bleu
BLUE_ICE	Blue Ice	Glace bleue
BLUE_ORCHID	Blue Orchid	Orchidée bleue
BLUE_SHULKER_BOX	Blue Shulker Box	Boîte de Shulker bleue
BLUE_STAINED_GLASS	Blue Stained Glass	Verre bleu
BLUE_STAINED_GLASS_PANE	Blue Stained Glass Pane	Vitre bleue
BLUE_TERRACOTTA	Blue Terracotta	Terre cuite bleue
BLUE_WOOL	Blue Wool	Laine bleue
BOGGED_SPAWN_EGG	Bogged Spawn Egg	Oeuf d'apparition d'embourbé
BOLT_ARMOR_TRIM_SMITHING_TEMPLATE	Smithing Template	Modèle de forge
BONE	Bone	Os
BONE_BLOCK	Bone Block	Bloc d'os
BONE_MEAL	Bone Meal	Poudre d'os
BOOK	Book	Livre
BOOKSHELF	Bookshelf	Bibliothèque
BORDURE_INDENTED_BANNER_PATTERN	Bordure Indented Banner Pattern	Motif de bordure cannelée pour bannière
BOW	Bow	Arc
BOWL	Bowl	Bol
BRAIN_CORAL	Brain Coral	Corail cerveau
BRAIN_CORAL_BLOCK	Brain Coral Block	Bloc de corail cerveau
BRAIN_CORAL_FAN	Brain Coral Fan	Gorgone de corail cerveau
BRAIN_CORAL_WALL_FAN	Brain Coral Wall Fan	Gorgone de corail cerveau murale
BREAD	Bread	Pain
BREEZE_ROD	Breeze Rod	Bâton de Breeze
BREEZE_SPAWN_EGG	Breeze Spawn Egg	Oeuf d'apparition de Breeze
BREWER_POTTERY_SHERD	Brewer Pottery Sherd	Tesson de poterie d'alchimiste
BREWING_STAND	Brewing Stand	Alambic
BRICK	Brick	Brique
BRICKS	Bricks	Briques
BRICK_SLAB	Brick Slab	Dalle de briques
BRICK_STAIRS	Brick Stairs	Escalier en briques
BRICK_WALL	Brick Wall	Muret de briques
BROWN_BANNER	Brown Banner	Bannière marron
BROWN_BED	Brown Bed	Lit marron
BROWN_BUNDLE	Brown Bundle	Sac marron
BROWN_CANDLE	Brown Candle	Bougie marron
BROWN_CANDLE_CAKE	Cake with Brown Candle	Gâteau à bougie marron
BROWN_CARPET	Brown Carpet	Tapis marron
BROWN_CONCRETE	Brown Concrete	Béton marron
BROWN_CONCRETE_POWDER	Brown Concrete Powder	Béton marron en poudre
BROWN_DYE	Brown Dye	Teinture marron
BROWN_EGG	Brown Egg	Oeuf brun
BROWN_GLAZED_TERRACOTTA	Brown Glazed Terracotta	Terre cuite émaillée marron
BROWN_HARNESS	Brown Harness	Harnais marron
BROWN_MUSHROOM	Brown Mushroom	Champignon brun
BROWN_MUSHROOM_BLOCK	Brown Mushroom Block	Bloc de champignon brun
BROWN_SHULKER_BOX	Brown Shulker Box	Boîte de Shulker marron
BROWN_STAINED_GLASS	Brown Stained Glass	Verre marron
BROWN_STAINED_GLASS_PANE	Brown Stained Glass Pane	Vitre marron
BROWN_TERRACOTTA	Brown Terracotta	Terre cuite marron
BROWN_WOOL	Brown Wool	Laine marron
BRUSH	Brush	Pinceau
BUBBLE_COLUMN	Bubble Column	Colonne de bulles
BUBBLE_CORAL	Bubble Coral	Corail bulles
BUBBLE_CORAL_BLOCK	Bubble Coral Block	Bloc de corail bulles
BUBBLE_CORAL_FAN	Bubble Coral Fan	Gorgone de corail bulles
BUBBLE_CORAL_WALL_FAN	Bubble Coral Wall Fan	Gorgone de corail bulles murale
BUCKET	Bucket	Seau
BUDDING_AMETHYST	Budding Amethyst	Druse d'améthyste
BUNDLE	Bundle	Sac
BURN_POTTERY_SHERD	Burn Pottery Sherd	Tesson de poterie de feu
BUSH	Bush	Buisson
CACTUS	Cactus	Cactus
CACTUS_FLOWER	Cactus Flower	Fleur de cactus
CAKE	Cake	Gâteau
CALCITE	Calcite	Calcite
CALIBRATED_SCULK_SENSOR	Calibrated Sculk Sensor	Capteur sculk calibré
CAMEL_HUSK_SPAWN_EGG	Camel Husk Spawn Egg	Oeuf d'apparition de dromadaire momifié
CAMEL_SPAWN_EGG	Camel Spawn Egg	Oeuf d'apparition de dromadaire
CAMPFIRE	Campfire	Feu de camp
CANDLE	Candle	Bougie
CANDLE_CAKE	Cake with Candle	Gâteau à bougie
CARROT	Carrot	Carotte
CARROTS	Carrots	Carottes
CARROT_ON_A_STICK	Carrot on a Stick	Carotte sur un bâton
CARTOGRAPHY_TABLE	Cartography Table	Table de cartographie
CARVED_PUMPKIN	Carved Pumpkin	Citrouille sculptée
CAT_SPAWN_EGG	Cat Spawn Egg	Oeuf d'apparition de chat
CAULDRON	Cauldron	Chaudron
CAVE_AIR	Cave Air	Air de caverne
CAVE_SPIDER_SPAWN_EGG	Cave Spider Spawn Egg	Oeuf d'apparition d'araignée venimeuse
CAVE_VINES	Cave Vines	Lianes des cavernes
CAVE_VINES_PLANT	Cave Vines Plant	Plante de lianes des cavernes
CHAINMAIL_BOOTS	Chainmail Boots	Bottes de mailles
CHAINMAIL_CHESTPLATE	Chainmail Chestplate	Cotte de mailles
CHAINMAIL_HELMET	Chainmail Helmet	Casque de mailles
CHAINMAIL_LEGGINGS	Chainmail Leggings	Jambières de mailles
CHAIN_COMMAND_BLOCK	Chain Command Block	Bloc de commande en chaîne
CHARCOAL	Charcoal	Charbon de bois
CHERRY_BOAT	Cherry Boat	Bateau en cerisier
CHERRY_BUTTON	Cherry Button	Bouton en cerisier
CHERRY_CHEST_BOAT	Cherry Boat with Chest	Bateau de stockage en cerisier
CHERRY_DOOR	Cherry Door	Porte en cerisier
CHERRY_FENCE	Cherry Fence	Barrière en cerisier
CHERRY_FENCE_GATE	Cherry Fence Gate	Portillon en cerisier
CHERRY_HANGING_SIGN	Cherry Hanging Sign	Pancarte suspendue en cerisier
CHERRY_LEAVES	Cherry Leaves	Feuilles de cerisier
CHERRY_LOG	Cherry Log	Bûche de cerisier
CHERRY_PLANKS	Cherry Planks	Planches de cerisier
CHERRY_PRESSURE_PLATE	Cherry Pressure Plate	Plaque de pression en cerisier
CHERRY_SAPLING	Cherry Sapling	Pousse de cerisier
CHERRY_SHELF	Cherry Shelf	Étagère en cerisier
CHERRY_SIGN	Cherry Sign	Pancarte en cerisier
CHERRY_SLAB	Cherry Slab	Dalle en cerisier
CHERRY_STAIRS	Cherry Stairs	Escalier en cerisier
CHERRY_TRAPDOOR	Cherry Trapdoor	Trappe en cerisier
CHERRY_WALL_HANGING_SIGN	Cherry Wall Hanging Sign	Pancarte suspendue en cerisier murale
CHERRY_WALL_SIGN	Cherry Wall Sign	Pancarte en cerisier murale
CHERRY_WOOD	Cherry Wood	Bois de cerisier
CHEST	Chest	Coffre
CHEST_MINECART	Minecart with Chest	Wagonnet de stockage
CHICKEN	Raw Chicken	Poulet cru
CHICKEN_SPAWN_EGG	Chicken Spawn Egg	Oeuf d'apparition de poule
CHIPPED_ANVIL	Chipped Anvil	Enclume ébréchée
CHISELED_BOOKSHELF	Chiseled Bookshelf	Bibliothèque sculptée
CHISELED_CINNABAR	Chiseled Cinnabar	Cinabre cisele
CHISELED_COPPER	Chiseled Copper	Cuivre sculpté
CHISELED_DEEPSLATE	Chiseled Deepslate	Ardoise des abîmes sculptée
CHISELED_NETHER_BRICKS	Chiseled Nether Bricks	Briques du Nether sculptées
CHISELED_POLISHED_BLACKSTONE	Chiseled Polished Blackstone	Pierre noire sculptée
CHISELED_QUARTZ_BLOCK	Chiseled Quartz Block	Bloc de quartz sculpté
CHISELED_RED_SANDSTONE	Chiseled Red Sandstone	Grès rouge sculpté
CHISELED_RESIN_BRICKS	Chiseled Resin Bricks	Briques de résine sculptées
CHISELED_SANDSTONE	Chiseled Sandstone	Grès sculpté
CHISELED_STONE_BRICKS	Chiseled Stone Bricks	Pierre sculptée
CHISELED_TUFF	Chiseled Tuff	Tuf sculpté
CHISELED_TUFF_BRICKS	Chiseled Tuff Bricks	Tuf taillé sculpté
CHORUS_FLOWER	Chorus Flower	Fleur de chorus
CHORUS_FRUIT	Chorus Fruit	Chorus
CHORUS_PLANT	Chorus Plant	Plante de chorus
CINNABAR	Cinnabar	Cinabre
CINNABAR_BRICKS	Cinnabar Bricks	Briques de cinabre
CINNABAR_BRICK_SLAB	Cinnabar Brick Slab	Dalle en briques de cinabre
CINNABAR_BRICK_STAIRS	Cinnabar Brick Stairs	Escalier en briques de cinabre
CINNABAR_BRICK_WALL	Cinnabar Brick Wall	Muret en briques de cinabre
CINNABAR_SLAB	Cinnabar Slab	Dalle de cinabre
CINNABAR_STAIRS	Cinnabar Stairs	Escalier de cinabre
CINNABAR_WALL	Cinnabar Wall	Muret de cinabre
CLAY	Clay	Argile
CLAY_BALL	Clay Ball	Motte d'argile
CLOCK	Clock	Montre
CLOSED_EYEBLOSSOM	Closed Eyeblossom	Oeilchidée fermée
COAL	Coal	Charbon
COAL_BLOCK	Block of Coal	Bloc de charbon
COAL_ORE	Coal Ore	Minerai de charbon
COARSE_DIRT	Coarse Dirt	Terre stérile
COAST_ARMOR_TRIM_SMITHING_TEMPLATE	Smithing Template	Modèle de forge
COBBLED_DEEPSLATE	Cobbled Deepslate	Pierres des abîmes
COBBLED_DEEPSLATE_SLAB	Cobbled Deepslate Slab	Dalle de pierres des abîmes
COBBLED_DEEPSLATE_STAIRS	Cobbled Deepslate Stairs	Escalier en pierres des abîmes
COBBLED_DEEPSLATE_WALL	Cobbled Deepslate Wall	Muret de pierres des abîmes
COBBLESTONE	Cobblestone	Pierres
COBBLESTONE_SLAB	Cobblestone Slab	Dalle de pierres
COBBLESTONE_STAIRS	Cobblestone Stairs	Escalier en pierre
COBBLESTONE_WALL	Cobblestone Wall	Muret de pierres
COBWEB	Cobweb	Toile d'araignée
COCOA	Cocoa	Cacao
COCOA_BEANS	Cocoa Beans	Fèves de cacao
COD	Raw Cod	Morue crue
COD_BUCKET	Bucket of Cod	Morue dans un seau
COD_SPAWN_EGG	Cod Spawn Egg	Oeuf d'apparition de morue
COMMAND_BLOCK	Command Block	Bloc de commande
COMMAND_BLOCK_MINECART	Minecart with Command Block	Wagonnet à bloc de commande
COMPARATOR	Redstone Comparator	Comparateur de redstone
COMPASS	Compass	Boussole
COMPOSTER	Composter	Composteur
CONDUIT	Conduit	Conduit
COOKED_BEEF	Steak	Steak
COOKED_CHICKEN	Cooked Chicken	Poulet rôti
COOKED_COD	Cooked Cod	Morue cuite
COOKED_MUTTON	Cooked Mutton	Mouton cuit
COOKED_PORKCHOP	Cooked Porkchop	Côtelette de porc cuite
COOKED_RABBIT	Cooked Rabbit	Lapin cuit
COOKED_SALMON	Cooked Salmon	Saumon cuit
COOKIE	Cookie	Cookie
COPPER_AXE	Copper Axe	Hache en cuivre
COPPER_BARS	Copper Bars	Barreaux de cuivre
COPPER_BLOCK	Block of Copper	Bloc de cuivre
COPPER_BOOTS	Copper Boots	Bottes en cuivre
COPPER_BULB	Copper Bulb	Ampoule en cuivre
COPPER_CHAIN	Copper Chain	Chaîne en cuivre
COPPER_CHEST	Copper Chest	Coffre en cuivre
COPPER_CHESTPLATE	Copper Chestplate	Plastron en cuivre
COPPER_DOOR	Copper Door	Porte en cuivre
COPPER_GOLEM_SPAWN_EGG	Copper Golem Spawn Egg	Oeuf d'apparition de golem de cuivre
COPPER_GOLEM_STATUE	Copper Golem Statue	Statue de golem de cuivre
COPPER_GRATE	Copper Grate	Grille en cuivre
COPPER_HELMET	Copper Helmet	Casque en cuivre
COPPER_HOE	Copper Hoe	Houe en cuivre
COPPER_HORSE_ARMOR	Copper Horse Armor	Armure en cuivre pour cheval
COPPER_INGOT	Copper Ingot	Lingot de cuivre
COPPER_LANTERN	Copper Lantern	Lanterne en cuivre
COPPER_LEGGINGS	Copper Leggings	Jambières en cuivre
COPPER_NAUTILUS_ARMOR	Copper Nautilus Armor	Armure en cuivre pour nautile
COPPER_NUGGET	Copper Nugget	Pépite de cuivre
COPPER_ORE	Copper Ore	Minerai de cuivre
COPPER_PICKAXE	Copper Pickaxe	Pioche en cuivre
COPPER_SHOVEL	Copper Shovel	Pelle en cuivre
COPPER_SPEAR	Copper Spear	Lance en cuivre
COPPER_SWORD	Copper Sword	Épée en cuivre
COPPER_TORCH	Copper Torch	Torche de cuivre
COPPER_TRAPDOOR	Copper Trapdoor	Trappe en cuivre
COPPER_WALL_TORCH	Copper Wall Torch	Torche de cuivre murale
CORNFLOWER	Cornflower	Bleuet
COW_SPAWN_EGG	Cow Spawn Egg	Oeuf d'apparition de vache
CRACKED_DEEPSLATE_BRICKS	Cracked Deepslate Bricks	Ardoise des abîmes taillée craquelée
CRACKED_DEEPSLATE_TILES	Cracked Deepslate Tiles	Ardoise des abîmes carrelée craquelée
CRACKED_NETHER_BRICKS	Cracked Nether Bricks	Briques du Nether craquelées
CRACKED_POLISHED_BLACKSTONE_BRICKS	Cracked Polished Blackstone Bricks	Pierre noire taillée craquelée
CRACKED_STONE_BRICKS	Cracked Stone Bricks	Pierre taillée craquelée
CRAFTER	Crafter	Fabricateur
CRAFTING_TABLE	Crafting Table	Établi
CREAKING_HEART	Creaking Heart	Coeur de grinceur
CREAKING_SPAWN_EGG	Creaking Spawn Egg	Oeuf d'apparition de grinceur
CREEPER_BANNER_PATTERN	Banner Pattern	Motif de bannière
CREEPER_HEAD	Creeper Head	Tête de Creeper
CREEPER_SPAWN_EGG	Creeper Spawn Egg	Oeuf d'apparition de Creeper
CREEPER_WALL_HEAD	Creeper Wall Head	Tête de Creeper murale
CRIMSON_BUTTON	Crimson Button	Bouton carmin
CRIMSON_DOOR	Crimson Door	Porte carmin
CRIMSON_FENCE	Crimson Fence	Barrière carmin
CRIMSON_FENCE_GATE	Crimson Fence Gate	Portillon carmin
CRIMSON_FUNGUS	Crimson Fungus	Champignon carmin
CRIMSON_HANGING_SIGN	Crimson Hanging Sign	Pancarte suspendue carmin
CRIMSON_HYPHAE	Crimson Hyphae	Hyphes carmin
CRIMSON_NYLIUM	Crimson Nylium	Nylium carmin
CRIMSON_PLANKS	Crimson Planks	Planches carmin
CRIMSON_PRESSURE_PLATE	Crimson Pressure Plate	Plaque de pression carmin
CRIMSON_ROOTS	Crimson Roots	Racines carmin
CRIMSON_SHELF	Crimson Shelf	Étagère carmin
CRIMSON_SIGN	Crimson Sign	Pancarte carmin
CRIMSON_SLAB	Crimson Slab	Dalle carmin
CRIMSON_STAIRS	Crimson Stairs	Escalier carmin
CRIMSON_STEM	Crimson Stem	Tige carmin
CRIMSON_TRAPDOOR	Crimson Trapdoor	Trappe carmin
CRIMSON_WALL_HANGING_SIGN	Crimson Wall Hanging Sign	Pancarte suspendue carmin murale
CRIMSON_WALL_SIGN	Crimson Wall Sign	Pancarte carmin murale
CROSSBOW	Crossbow	Arbalète
CRYING_OBSIDIAN	Crying Obsidian	Obsidienne pleureuse
CUT_COPPER	Cut Copper	Cuivre taillé
CUT_COPPER_SLAB	Cut Copper Slab	Dalle de cuivre taillé
CUT_COPPER_STAIRS	Cut Copper Stairs	Escalier en cuivre taillé
CUT_RED_SANDSTONE	Cut Red Sandstone	Grès rouge taillé
CUT_RED_SANDSTONE_SLAB	Cut Red Sandstone Slab	Dalle de grès rouge taillé
CUT_SANDSTONE	Cut Sandstone	Grès taillé
CUT_SANDSTONE_SLAB	Cut Sandstone Slab	Dalle de grès taillé
CYAN_BANNER	Cyan Banner	Bannière cyan
CYAN_BED	Cyan Bed	Lit cyan
CYAN_BUNDLE	Cyan Bundle	Sac cyan
CYAN_CANDLE	Cyan Candle	Bougie cyan
CYAN_CANDLE_CAKE	Cake with Cyan Candle	Gâteau à bougie cyan
CYAN_CARPET	Cyan Carpet	Tapis cyan
CYAN_CONCRETE	Cyan Concrete	Béton cyan
CYAN_CONCRETE_POWDER	Cyan Concrete Powder	Béton cyan en poudre
CYAN_DYE	Cyan Dye	Teinture cyan
CYAN_GLAZED_TERRACOTTA	Cyan Glazed Terracotta	Terre cuite émaillée cyan
CYAN_HARNESS	Cyan Harness	Harnais cyan
CYAN_SHULKER_BOX	Cyan Shulker Box	Boîte de Shulker cyan
CYAN_STAINED_GLASS	Cyan Stained Glass	Verre cyan
CYAN_STAINED_GLASS_PANE	Cyan Stained Glass Pane	Vitre cyan
CYAN_TERRACOTTA	Cyan Terracotta	Terre cuite cyan
CYAN_WOOL	Cyan Wool	Laine cyan
DAMAGED_ANVIL	Damaged Anvil	Enclume endommagée
DANDELION	Dandelion	Pissenlit
DANGER_POTTERY_SHERD	Danger Pottery Sherd	Tesson de poterie de danger
DARK_OAK_BOAT	Dark Oak Boat	Bateau en chêne noir
DARK_OAK_BUTTON	Dark Oak Button	Bouton en chêne noir
DARK_OAK_CHEST_BOAT	Dark Oak Boat with Chest	Bateau de stockage en chêne noir
DARK_OAK_DOOR	Dark Oak Door	Porte en chêne noir
DARK_OAK_FENCE	Dark Oak Fence	Barrière en chêne noir
DARK_OAK_FENCE_GATE	Dark Oak Fence Gate	Portillon en chêne noir
DARK_OAK_HANGING_SIGN	Dark Oak Hanging Sign	Pancarte suspendue en chêne noir
DARK_OAK_LEAVES	Dark Oak Leaves	Feuilles de chêne noir
DARK_OAK_LOG	Dark Oak Log	Bûche de chêne noir
DARK_OAK_PLANKS	Dark Oak Planks	Planches de chêne noir
DARK_OAK_PRESSURE_PLATE	Dark Oak Pressure Plate	Plaque de pression en chêne noir
DARK_OAK_SAPLING	Dark Oak Sapling	Pousse de chêne noir
DARK_OAK_SHELF	Dark Oak Shelf	Étagère en chêne noir
DARK_OAK_SIGN	Dark Oak Sign	Pancarte en chêne noir
DARK_OAK_SLAB	Dark Oak Slab	Dalle en chêne noir
DARK_OAK_STAIRS	Dark Oak Stairs	Escalier en chêne noir
DARK_OAK_TRAPDOOR	Dark Oak Trapdoor	Trappe en chêne noir
DARK_OAK_WALL_HANGING_SIGN	Dark Oak Wall Hanging Sign	Pancarte suspendue en chêne noir murale
DARK_OAK_WALL_SIGN	Dark Oak Wall Sign	Pancarte en chêne noir murale
DARK_OAK_WOOD	Dark Oak Wood	Bois de chêne noir
DARK_PRISMARINE	Dark Prismarine	Prismarine sombre
DARK_PRISMARINE_SLAB	Dark Prismarine Slab	Dalle de prismarine sombre
DARK_PRISMARINE_STAIRS	Dark Prismarine Stairs	Escalier en prismarine sombre
DAYLIGHT_DETECTOR	Daylight Detector	Capteur de lumière
DEAD_BRAIN_CORAL	Dead Brain Coral	Corail cerveau mort
DEAD_BRAIN_CORAL_BLOCK	Dead Brain Coral Block	Bloc de corail cerveau mort
DEAD_BRAIN_CORAL_FAN	Dead Brain Coral Fan	Gorgone de corail cerveau morte
DEAD_BRAIN_CORAL_WALL_FAN	Dead Brain Coral Wall Fan	Gorgone de corail cerveau morte murale
DEAD_BUBBLE_CORAL	Dead Bubble Coral	Corail bulles mort
DEAD_BUBBLE_CORAL_BLOCK	Dead Bubble Coral Block	Bloc de corail bulles mort
DEAD_BUBBLE_CORAL_FAN	Dead Bubble Coral Fan	Gorgone de corail bulles morte
DEAD_BUBBLE_CORAL_WALL_FAN	Dead Bubble Coral Wall Fan	Gorgone de corail bulles morte murale
DEAD_BUSH	Dead Bush	Buisson mort
DEAD_FIRE_CORAL	Dead Fire Coral	Corail de feu mort
DEAD_FIRE_CORAL_BLOCK	Dead Fire Coral Block	Bloc de corail de feu mort
DEAD_FIRE_CORAL_FAN	Dead Fire Coral Fan	Gorgone de corail de feu morte
DEAD_FIRE_CORAL_WALL_FAN	Dead Fire Coral Wall Fan	Gorgone de corail de feu morte murale
DEAD_HORN_CORAL	Dead Horn Coral	Corail corné mort
DEAD_HORN_CORAL_BLOCK	Dead Horn Coral Block	Bloc de corail corné mort
DEAD_HORN_CORAL_FAN	Dead Horn Coral Fan	Gorgone de corail corné morte
DEAD_HORN_CORAL_WALL_FAN	Dead Horn Coral Wall Fan	Gorgone de corail corné morte murale
DEAD_TUBE_CORAL	Dead Tube Coral	Corail tubulaire mort
DEAD_TUBE_CORAL_BLOCK	Dead Tube Coral Block	Bloc de corail tubulaire mort
DEAD_TUBE_CORAL_FAN	Dead Tube Coral Fan	Gorgone de corail tubulaire morte
DEAD_TUBE_CORAL_WALL_FAN	Dead Tube Coral Wall Fan	Gorgone de corail tubulaire morte murale
DEBUG_STICK	Debug Stick	Bâton de débogage
DECORATED_POT	Decorated Pot	Vase décoré
DEEPSLATE	Deepslate	Ardoise des abîmes
DEEPSLATE_BRICKS	Deepslate Bricks	Ardoise des abîmes taillée
DEEPSLATE_BRICK_SLAB	Deepslate Brick Slab	Dalle d'ardoise des abîmes taillée
DEEPSLATE_BRICK_STAIRS	Deepslate Brick Stairs	Escalier en ardoise des abîmes taillée
DEEPSLATE_BRICK_WALL	Deepslate Brick Wall	Muret d'ardoise des abîmes taillée
DEEPSLATE_COAL_ORE	Deepslate Coal Ore	Minerai de charbon des abîmes
DEEPSLATE_COPPER_ORE	Deepslate Copper Ore	Minerai de cuivre des abîmes
DEEPSLATE_DIAMOND_ORE	Deepslate Diamond Ore	Minerai de diamant des abîmes
DEEPSLATE_EMERALD_ORE	Deepslate Emerald Ore	Minerai d'émeraude des abîmes
DEEPSLATE_GOLD_ORE	Deepslate Gold Ore	Minerai d'or des abîmes
DEEPSLATE_IRON_ORE	Deepslate Iron Ore	Minerai de fer des abîmes
DEEPSLATE_LAPIS_ORE	Deepslate Lapis Lazuli Ore	Minerai de lapis-lazuli des abîmes
DEEPSLATE_REDSTONE_ORE	Deepslate Redstone Ore	Minerai de redstone des abîmes
DEEPSLATE_TILES	Deepslate Tiles	Ardoise des abîmes carrelée
DEEPSLATE_TILE_SLAB	Deepslate Tile Slab	Dalle d'ardoise des abîmes carrelée
DEEPSLATE_TILE_STAIRS	Deepslate Tile Stairs	Escalier en ardoise des abîmes carrelée
DEEPSLATE_TILE_WALL	Deepslate Tile Wall	Muret d'ardoise des abîmes carrelée
DETECTOR_RAIL	Detector Rail	Rails détecteurs
DIAMOND	Diamond	Diamant
DIAMOND_AXE	Diamond Axe	Hache en diamant
DIAMOND_BLOCK	Block of Diamond	Bloc de diamant
DIAMOND_BOOTS	Diamond Boots	Bottes en diamant
DIAMOND_CHESTPLATE	Diamond Chestplate	Plastron en diamant
DIAMOND_HELMET	Diamond Helmet	Casque en diamant
DIAMOND_HOE	Diamond Hoe	Houe en diamant
DIAMOND_HORSE_ARMOR	Diamond Horse Armor	Armure en diamant pour cheval
DIAMOND_LEGGINGS	Diamond Leggings	Jambières en diamant
DIAMOND_NAUTILUS_ARMOR	Diamond Nautilus Armor	Armure en diamant pour nautile
DIAMOND_ORE	Diamond Ore	Minerai de diamant
DIAMOND_PICKAXE	Diamond Pickaxe	Pioche en diamant
DIAMOND_SHOVEL	Diamond Shovel	Pelle en diamant
DIAMOND_SPEAR	Diamond Spear	Lance en diamant
DIAMOND_SWORD	Diamond Sword	Épée en diamant
DIORITE	Diorite	Diorite
DIORITE_SLAB	Diorite Slab	Dalle de diorite
DIORITE_STAIRS	Diorite Stairs	Escalier en diorite
DIORITE_WALL	Diorite Wall	Muret de diorite
DIRT	Dirt	Terre
DIRT_PATH	Dirt Path	Chemin de terre
DISC_FRAGMENT_5	Disc Fragment	Fragment de disque
DISPENSER	Dispenser	Distributeur
DOLPHIN_SPAWN_EGG	Dolphin Spawn Egg	Oeuf d'apparition de dauphin
DONKEY_SPAWN_EGG	Donkey Spawn Egg	Oeuf d'apparition d'âne
DRAGON_BREATH	Dragon's Breath	Souffle de dragon
DRAGON_EGG	Dragon Egg	Oeuf de dragon
DRAGON_HEAD	Dragon Head	Tête de dragon
DRAGON_WALL_HEAD	Dragon Wall Head	Tête de dragon murale
DRIED_GHAST	Dried Ghast	Ghast desséché
DRIED_KELP	Dried Kelp	Algue séchée
DRIED_KELP_BLOCK	Dried Kelp Block	Bloc d'algues séchées
DRIPSTONE_BLOCK	Dripstone Block	Bloc de spéléothème
DROPPER	Dropper	Dropper
DROWNED_SPAWN_EGG	Drowned Spawn Egg	Oeuf d'apparition de noyé
DUNE_ARMOR_TRIM_SMITHING_TEMPLATE	Smithing Template	Modèle de forge
ECHO_SHARD	Echo Shard	Éclat d'écho
EGG	Egg	Oeuf
ELDER_GUARDIAN_SPAWN_EGG	Elder Guardian Spawn Egg	Oeuf d'apparition de grand gardien
ELYTRA	Elytra	Élytres
EMERALD	Emerald	Émeraude
EMERALD_BLOCK	Block of Emerald	Bloc d'émeraude
EMERALD_ORE	Emerald Ore	Minerai d'émeraude
ENCHANTED_BOOK	Enchanted Book	Livre enchanté
ENCHANTED_GOLDEN_APPLE	Enchanted Golden Apple	Pomme dorée enchantée
ENCHANTING_TABLE	Enchanting Table	Table d'enchantement
ENDERMAN_SPAWN_EGG	Enderman Spawn Egg	Oeuf d'apparition d'Enderman
ENDERMITE_SPAWN_EGG	Endermite Spawn Egg	Oeuf d'apparition d'Endermite
ENDER_CHEST	Ender Chest	Coffre de l'Ender
ENDER_DRAGON_SPAWN_EGG	Ender Dragon Spawn Egg	Oeuf d'apparition d'Ender Dragon
ENDER_EYE	Eye of Ender	Oeil de l'Ender
ENDER_PEARL	Ender Pearl	Perle de l'Ender
END_CRYSTAL	End Crystal	Cristal de l'End
END_GATEWAY	End Gateway	Passerelle de l'End
END_PORTAL	End Portal	Portail de l'End
END_PORTAL_FRAME	End Portal Frame	Cadre de portail de l'End
END_ROD	End Rod	Barre de l'End
END_STONE	End Stone	Pierre de l'End
END_STONE_BRICKS	End Stone Bricks	Pierre taillée de l'End
END_STONE_BRICK_SLAB	End Stone Brick Slab	Dalle de pierre taillée de l'End
END_STONE_BRICK_STAIRS	End Stone Brick Stairs	Escalier en pierre taillée de l'End
END_STONE_BRICK_WALL	End Stone Brick Wall	Muret de pierre taillée de l'End
EVOKER_SPAWN_EGG	Evoker Spawn Egg	Oeuf d'apparition d'évocateur
EXPERIENCE_BOTTLE	Bottle o' Enchanting	Fiole d'expérience
EXPLORER_POTTERY_SHERD	Explorer Pottery Sherd	Tesson de poterie d'explorateur
EXPOSED_CHISELED_COPPER	Exposed Chiseled Copper	Cuivre sculpté exposé
EXPOSED_COPPER	Exposed Copper	Cuivre exposé
EXPOSED_COPPER_BARS	Exposed Copper Bars	Barreaux de cuivre exposé
EXPOSED_COPPER_BULB	Exposed Copper Bulb	Ampoule en cuivre exposé
EXPOSED_COPPER_CHAIN	Exposed Copper Chain	Chaîne en cuivre exposé
EXPOSED_COPPER_CHEST	Exposed Copper Chest	Coffre en cuivre exposé
EXPOSED_COPPER_DOOR	Exposed Copper Door	Porte en cuivre exposé
EXPOSED_COPPER_GOLEM_STATUE	Exposed Copper Golem Statue	Statue de golem de cuivre exposé
EXPOSED_COPPER_GRATE	Exposed Copper Grate	Grille en cuivre exposé
EXPOSED_COPPER_LANTERN	Exposed Copper Lantern	Lanterne en cuivre exposé
EXPOSED_COPPER_TRAPDOOR	Exposed Copper Trapdoor	Trappe en cuivre exposé
EXPOSED_CUT_COPPER	Exposed Cut Copper	Cuivre taillé exposé
EXPOSED_CUT_COPPER_SLAB	Exposed Cut Copper Slab	Dalle de cuivre taillé exposé
EXPOSED_CUT_COPPER_STAIRS	Exposed Cut Copper Stairs	Escalier en cuivre taillé exposé
EXPOSED_LIGHTNING_ROD	Exposed Lightning Rod	Paratonnerre exposé
EYE_ARMOR_TRIM_SMITHING_TEMPLATE	Smithing Template	Modèle de forge
FARMLAND	Farmland	Terre labourée
FEATHER	Feather	Plume
FERMENTED_SPIDER_EYE	Fermented Spider Eye	Oeil d'araignée fermenté
FERN	Fern	Fougère
FIELD_MASONED_BANNER_PATTERN	Field Masoned Banner Pattern	Motif de champ maçonné pour bannière
FILLED_MAP	Map	Carte
FIRE	Fire	Feu
FIREFLY_BUSH	Firefly Bush	Buisson à lucioles
FIREWORK_ROCKET	Firework Rocket	Fusée de feu d'artifice
FIREWORK_STAR	Firework Star	Étoile de feu d'artifice
FIRE_CHARGE	Fire Charge	Charge de feu
FIRE_CORAL	Fire Coral	Corail de feu
FIRE_CORAL_BLOCK	Fire Coral Block	Bloc de corail de feu
FIRE_CORAL_FAN	Fire Coral Fan	Gorgone de corail de feu
FIRE_CORAL_WALL_FAN	Fire Coral Wall Fan	Gorgone de corail de feu murale
FISHING_ROD	Fishing Rod	Canne à pêche
FLETCHING_TABLE	Fletching Table	Table d'archerie
FLINT	Flint	Silex
FLINT_AND_STEEL	Flint and Steel	Briquet
FLOWERING_AZALEA	Flowering Azalea	Azalée fleurie
FLOWERING_AZALEA_LEAVES	Flowering Azalea Leaves	Feuilles d'azalée fleurie
FLOWER_BANNER_PATTERN	Banner Pattern	Motif de bannière
FLOWER_POT	Flower Pot	Pot de fleurs
FLOW_ARMOR_TRIM_SMITHING_TEMPLATE	Smithing Template	Modèle de forge
FLOW_BANNER_PATTERN	Banner Pattern	Motif de bannière
FLOW_POTTERY_SHERD	Flow Pottery Sherd	Tesson de poterie de tourbillon
FOX_SPAWN_EGG	Fox Spawn Egg	Oeuf d'apparition de renard
FRIEND_POTTERY_SHERD	Friend Pottery Sherd	Tesson de poterie d'ami
FROGSPAWN	Frogspawn	Oeufs de grenouille
FROG_SPAWN_EGG	Frog Spawn Egg	Oeuf d'apparition de grenouille
FROSTED_ICE	Frosted Ice	Glace givrée
FURNACE	Furnace	Fourneau
FURNACE_MINECART	Minecart with Furnace	Wagonnet motorisé
GHAST_SPAWN_EGG	Ghast Spawn Egg	Oeuf d'apparition de Ghast
GHAST_TEAR	Ghast Tear	Larme de Ghast
GILDED_BLACKSTONE	Gilded Blackstone	Roche noire dorée
GLASS	Glass	Verre
GLASS_BOTTLE	Glass Bottle	Fiole
GLASS_PANE	Glass Pane	Vitre
GLISTERING_MELON_SLICE	Glistering Melon Slice	Tranche de pastèque scintillante
GLOBE_BANNER_PATTERN	Banner Pattern	Motif de bannière
GLOWSTONE	Glowstone	Pierre lumineuse
GLOWSTONE_DUST	Glowstone Dust	Poudre lumineuse
GLOW_BERRIES	Glow Berries	Baies lumineuses
GLOW_INK_SAC	Glow Ink Sac	Poche d'encre luisante
GLOW_ITEM_FRAME	Glow Item Frame	Cadre luisant
GLOW_LICHEN	Glow Lichen	Lichen lumineux
GLOW_SQUID_SPAWN_EGG	Glow Squid Spawn Egg	Oeuf d'apparition de poulpe luisant
GOAT_HORN	Goat Horn	Corne de chèvre
GOAT_SPAWN_EGG	Goat Spawn Egg	Oeuf d'apparition de chèvre
GOLDEN_APPLE	Golden Apple	Pomme dorée
GOLDEN_AXE	Golden Axe	Hache en or
GOLDEN_BOOTS	Golden Boots	Bottes en or
GOLDEN_CARROT	Golden Carrot	Carotte dorée
GOLDEN_CHESTPLATE	Golden Chestplate	Plastron en or
GOLDEN_DANDELION	Golden Dandelion	Pissenlit dore
GOLDEN_HELMET	Golden Helmet	Casque en or
GOLDEN_HOE	Golden Hoe	Houe en or
GOLDEN_HORSE_ARMOR	Golden Horse Armor	Armure en or pour cheval
GOLDEN_LEGGINGS	Golden Leggings	Jambières en or
GOLDEN_NAUTILUS_ARMOR	Golden Nautilus Armor	Armure en or pour nautile
GOLDEN_PICKAXE	Golden Pickaxe	Pioche en or
GOLDEN_SHOVEL	Golden Shovel	Pelle en or
GOLDEN_SPEAR	Golden Spear	Lance en or
GOLDEN_SWORD	Golden Sword	Épée en or
GOLD_BLOCK	Block of Gold	Bloc d'or
GOLD_INGOT	Gold Ingot	Lingot d'or
GOLD_NUGGET	Gold Nugget	Pépite d'or
GOLD_ORE	Gold Ore	Minerai d'or
GRANITE	Granite	Granite
GRANITE_SLAB	Granite Slab	Dalle de granite
GRANITE_STAIRS	Granite Stairs	Escalier en granite
GRANITE_WALL	Granite Wall	Muret de granite
GRASS_BLOCK	Grass Block	Bloc d'herbe
GRAVEL	Gravel	Gravier
GRAY_BANNER	Gray Banner	Bannière grise
GRAY_BED	Gray Bed	Lit gris
GRAY_BUNDLE	Gray Bundle	Sac gris
GRAY_CANDLE	Gray Candle	Bougie grise
GRAY_CANDLE_CAKE	Cake with Gray Candle	Gâteau à bougie grise
GRAY_CARPET	Gray Carpet	Tapis gris
GRAY_CONCRETE	Gray Concrete	Béton gris
GRAY_CONCRETE_POWDER	Gray Concrete Powder	Béton gris en poudre
GRAY_DYE	Gray Dye	Teinture grise
GRAY_GLAZED_TERRACOTTA	Gray Glazed Terracotta	Terre cuite émaillée grise
GRAY_HARNESS	Gray Harness	Harnais gris
GRAY_SHULKER_BOX	Gray Shulker Box	Boîte de Shulker grise
GRAY_STAINED_GLASS	Gray Stained Glass	Verre gris
GRAY_STAINED_GLASS_PANE	Gray Stained Glass Pane	Vitre grise
GRAY_TERRACOTTA	Gray Terracotta	Terre cuite grise
GRAY_WOOL	Gray Wool	Laine grise
GREEN_BANNER	Green Banner	Bannière verte
GREEN_BED	Green Bed	Lit vert
GREEN_BUNDLE	Green Bundle	Sac vert
GREEN_CANDLE	Green Candle	Bougie verte
GREEN_CANDLE_CAKE	Cake with Green Candle	Gâteau à bougie verte
GREEN_CARPET	Green Carpet	Tapis vert
GREEN_CONCRETE	Green Concrete	Béton vert
GREEN_CONCRETE_POWDER	Green Concrete Powder	Béton vert en poudre
GREEN_DYE	Green Dye	Teinture verte
GREEN_GLAZED_TERRACOTTA	Green Glazed Terracotta	Terre cuite émaillée verte
GREEN_HARNESS	Green Harness	Harnais vert
GREEN_SHULKER_BOX	Green Shulker Box	Boîte de Shulker verte
GREEN_STAINED_GLASS	Green Stained Glass	Verre vert
GREEN_STAINED_GLASS_PANE	Green Stained Glass Pane	Vitre verte
GREEN_TERRACOTTA	Green Terracotta	Terre cuite verte
GREEN_WOOL	Green Wool	Laine verte
GRINDSTONE	Grindstone	Meule
GUARDIAN_SPAWN_EGG	Guardian Spawn Egg	Oeuf d'apparition de gardien
GUNPOWDER	Gunpowder	Poudre à canon
GUSTER_BANNER_PATTERN	Banner Pattern	Motif de bannière
GUSTER_POTTERY_SHERD	Guster Pottery Sherd	Tesson de poterie de rafaleur
HANGING_ROOTS	Hanging Roots	Racines suspendues
HAPPY_GHAST_SPAWN_EGG	Happy Ghast Spawn Egg	Oeuf d'apparition de Ghast joyeux
HAY_BLOCK	Hay Bale	Botte de paille
HEARTBREAK_POTTERY_SHERD	Heartbreak Pottery Sherd	Tesson de poterie de coeur brisé
HEART_OF_THE_SEA	Heart of the Sea	Coeur de la mer
HEART_POTTERY_SHERD	Heart Pottery Sherd	Tesson de poterie de coeur
HEAVY_CORE	Heavy Core	Noyau lourd
HEAVY_WEIGHTED_PRESSURE_PLATE	Heavy Weighted Pressure Plate	Plaque de pression pondérée lourde
HOGLIN_SPAWN_EGG	Hoglin Spawn Egg	Oeuf d'apparition de Hoglin
HONEYCOMB	Honeycomb	Rayon de miel
HONEYCOMB_BLOCK	Honeycomb Block	Bloc de rayon de miel
HONEY_BLOCK	Honey Block	Bloc de miel
HONEY_BOTTLE	Honey Bottle	Fiole de miel
HOPPER	Hopper	Entonnoir
HOPPER_MINECART	Minecart with Hopper	Wagonnet à entonnoir
HORN_CORAL	Horn Coral	Corail corné
HORN_CORAL_BLOCK	Horn Coral Block	Bloc de corail corné
HORN_CORAL_FAN	Horn Coral Fan	Gorgone de corail corné
HORN_CORAL_WALL_FAN	Horn Coral Wall Fan	Gorgone de corail corné murale
HORSE_SPAWN_EGG	Horse Spawn Egg	Oeuf d'apparition de cheval
HOST_ARMOR_TRIM_SMITHING_TEMPLATE	Smithing Template	Modèle de forge
HOWL_POTTERY_SHERD	Howl Pottery Sherd	Tesson de poterie de loup
HUSK_SPAWN_EGG	Husk Spawn Egg	Oeuf d'apparition de momifié
ICE	Ice	Glace
INFESTED_CHISELED_STONE_BRICKS	Infested Chiseled Stone Bricks	Pierre sculptée infestée
INFESTED_COBBLESTONE	Infested Cobblestone	Pierres infestées
INFESTED_CRACKED_STONE_BRICKS	Infested Cracked Stone Bricks	Pierre taillée craquelée infestée
INFESTED_DEEPSLATE	Infested Deepslate	Ardoise des abîmes infestée
INFESTED_MOSSY_STONE_BRICKS	Infested Mossy Stone Bricks	Pierre taillée moussue infestée
INFESTED_STONE	Infested Stone	Roche infestée
INFESTED_STONE_BRICKS	Infested Stone Bricks	Pierre taillée infestée
INK_SAC	Ink Sac	Poche d'encre
IRON_AXE	Iron Axe	Hache en fer
IRON_BARS	Iron Bars	Barreaux de fer
IRON_BLOCK	Block of Iron	Bloc de fer
IRON_BOOTS	Iron Boots	Bottes en fer
IRON_CHAIN	Iron Chain	Chaîne en fer
IRON_CHESTPLATE	Iron Chestplate	Plastron en fer
IRON_DOOR	Iron Door	Porte en fer
IRON_GOLEM_SPAWN_EGG	Iron Golem Spawn Egg	Oeuf d'apparition de golem de fer
IRON_HELMET	Iron Helmet	Casque en fer
IRON_HOE	Iron Hoe	Houe en fer
IRON_HORSE_ARMOR	Iron Horse Armor	Armure en fer pour cheval
IRON_INGOT	Iron Ingot	Lingot de fer
IRON_LEGGINGS	Iron Leggings	Jambières en fer
IRON_NAUTILUS_ARMOR	Iron Nautilus Armor	Armure en fer pour nautile
IRON_NUGGET	Iron Nugget	Pépite de fer
IRON_ORE	Iron Ore	Minerai de fer
IRON_PICKAXE	Iron Pickaxe	Pioche en fer
IRON_SHOVEL	Iron Shovel	Pelle en fer
IRON_SPEAR	Iron Spear	Lance en fer
IRON_SWORD	Iron Sword	Épée en fer
IRON_TRAPDOOR	Iron Trapdoor	Trappe en fer
ITEM_FRAME	Item Frame	Cadre
JACK_O_LANTERN	Jack o'Lantern	Citrouille-lanterne
JIGSAW	Jigsaw Block	Bloc de puzzle
JUKEBOX	Jukebox	Jukebox
JUNGLE_BOAT	Jungle Boat	Bateau en acajou
JUNGLE_BUTTON	Jungle Button	Bouton en acajou
JUNGLE_CHEST_BOAT	Jungle Boat with Chest	Bateau de stockage en acajou
JUNGLE_DOOR	Jungle Door	Porte en acajou
JUNGLE_FENCE	Jungle Fence	Barrière en acajou
JUNGLE_FENCE_GATE	Jungle Fence Gate	Portillon en acajou
JUNGLE_HANGING_SIGN	Jungle Hanging Sign	Pancarte suspendue en acajou
JUNGLE_LEAVES	Jungle Leaves	Feuilles d'acajou
JUNGLE_LOG	Jungle Log	Bûche d'acajou
JUNGLE_PLANKS	Jungle Planks	Planches d'acajou
JUNGLE_PRESSURE_PLATE	Jungle Pressure Plate	Plaque de pression en acajou
JUNGLE_SAPLING	Jungle Sapling	Pousse d'acajou
JUNGLE_SHELF	Jungle Shelf	Étagère en acajou
JUNGLE_SIGN	Jungle Sign	Pancarte en acajou
JUNGLE_SLAB	Jungle Slab	Dalle en acajou
JUNGLE_STAIRS	Jungle Stairs	Escalier en acajou
JUNGLE_TRAPDOOR	Jungle Trapdoor	Trappe en acajou
JUNGLE_WALL_HANGING_SIGN	Jungle Wall Hanging Sign	Pancarte suspendue en acajou murale
JUNGLE_WALL_SIGN	Jungle Wall Sign	Pancarte en acajou murale
JUNGLE_WOOD	Jungle Wood	Bois d'acajou
KELP	Kelp	Algue
KELP_PLANT	Kelp Plant	Tige d'algue
KNOWLEDGE_BOOK	Knowledge Book	Livre des connaissances
LADDER	Ladder	Échelle
LANTERN	Lantern	Lanterne
LAPIS_BLOCK	Block of Lapis Lazuli	Bloc de lapis-lazuli
LAPIS_LAZULI	Lapis Lazuli	Lapis-lazuli
LAPIS_ORE	Lapis Lazuli Ore	Minerai de lapis-lazuli
LARGE_AMETHYST_BUD	Large Amethyst Bud	Grand cristal d'améthyste
LARGE_FERN	Large Fern	Grande fougère
LAVA	Lava	Lave
LAVA_BUCKET	Lava Bucket	Seau de lave
LAVA_CAULDRON	Lava Cauldron	Chaudron de lave
LEAD	Lead	Laisse
LEAF_LITTER	Leaf Litter	Tas de feuilles
LEATHER	Leather	Cuir
LEATHER_BOOTS	Leather Boots	Bottes en cuir
LEATHER_CHESTPLATE	Leather Tunic	Tunique en cuir
LEATHER_HELMET	Leather Cap	Chapeau en cuir
LEATHER_HORSE_ARMOR	Leather Horse Armor	Armure en cuir pour cheval
LEATHER_LEGGINGS	Leather Pants	Pantalon en cuir
LECTERN	Lectern	Pupitre
LEGACY_ACACIA_DOOR	Acacia Door	Porte en acacia
LEGACY_ACACIA_FENCE	Acacia Fence	Barrière en acacia
LEGACY_ACACIA_FENCE_GATE	Acacia Fence Gate	Portillon en acacia
LEGACY_ACACIA_STAIRS	Acacia Stairs	Escalier en acacia
LEGACY_ACTIVATOR_RAIL	Activator Rail	Rails déclencheurs
LEGACY_AIR	Air	Air
LEGACY_ANVIL	Anvil	Enclume
LEGACY_APPLE	Apple	Pomme
LEGACY_ARMOR_STAND	Armor Stand	Porte-armure
LEGACY_ARROW	Arrow	Flèche
LEGACY_BAKED_POTATO	Baked Potato	Pomme de terre cuite
LEGACY_BARRIER	Barrier	Barrière invisible
LEGACY_BEACON	Beacon	Balise
LEGACY_BEDROCK	Bedrock	Bedrock
LEGACY_BEETROOT	Beetroot	Betterave
LEGACY_BEETROOT_SEEDS	Beetroot Seeds	Graines de betterave
LEGACY_BEETROOT_SOUP	Beetroot Soup	Soupe de betteraves
LEGACY_BIRCH_DOOR	Birch Door	Porte en bouleau
LEGACY_BIRCH_FENCE	Birch Fence	Barrière en bouleau
LEGACY_BIRCH_FENCE_GATE	Birch Fence Gate	Portillon en bouleau
LEGACY_BLACK_GLAZED_TERRACOTTA	Black Glazed Terracotta	Terre cuite émaillée noire
LEGACY_BLACK_SHULKER_BOX	Black Shulker Box	Boîte de Shulker noire
LEGACY_BLAZE_POWDER	Blaze Powder	Poudre de Blaze
LEGACY_BLAZE_ROD	Blaze Rod	Bâton de Blaze
LEGACY_BLUE_GLAZED_TERRACOTTA	Blue Glazed Terracotta	Terre cuite émaillée bleue
LEGACY_BLUE_SHULKER_BOX	Blue Shulker Box	Boîte de Shulker bleue
LEGACY_BONE	Bone	Os
LEGACY_BONE_BLOCK	Bone Block	Bloc d'os
LEGACY_BOOK	Book	Livre
LEGACY_BOOKSHELF	Bookshelf	Bibliothèque
LEGACY_BOW	Bow	Arc
LEGACY_BOWL	Bowl	Bol
LEGACY_BREAD	Bread	Pain
LEGACY_BREWING_STAND	Brewing Stand	Alambic
LEGACY_BRICK	Brick	Brique
LEGACY_BRICK_STAIRS	Brick Stairs	Escalier en briques
LEGACY_BROWN_GLAZED_TERRACOTTA	Brown Glazed Terracotta	Terre cuite émaillée marron
LEGACY_BROWN_MUSHROOM	Brown Mushroom	Champignon brun
LEGACY_BROWN_SHULKER_BOX	Brown Shulker Box	Boîte de Shulker marron
LEGACY_BUCKET	Bucket	Seau
LEGACY_CACTUS	Cactus	Cactus
LEGACY_CAKE	Cake	Gâteau
LEGACY_CARROT	Carrot	Carotte
LEGACY_CAULDRON	Cauldron	Chaudron
LEGACY_CHAINMAIL_BOOTS	Chainmail Boots	Bottes de mailles
LEGACY_CHAINMAIL_CHESTPLATE	Chainmail Chestplate	Cotte de mailles
LEGACY_CHAINMAIL_HELMET	Chainmail Helmet	Casque de mailles
LEGACY_CHAINMAIL_LEGGINGS	Chainmail Leggings	Jambières de mailles
LEGACY_CHEST	Chest	Coffre
LEGACY_CHORUS_FLOWER	Chorus Flower	Fleur de chorus
LEGACY_CHORUS_FRUIT	Chorus Fruit	Chorus
LEGACY_CHORUS_PLANT	Chorus Plant	Plante de chorus
LEGACY_CLAY	Clay	Argile
LEGACY_CLAY_BALL	Clay Ball	Motte d'argile
LEGACY_COAL	Coal	Charbon
LEGACY_COAL_BLOCK	Block of Coal	Bloc de charbon
LEGACY_COAL_ORE	Coal Ore	Minerai de charbon
LEGACY_COBBLESTONE	Cobblestone	Pierres
LEGACY_COBBLESTONE_STAIRS	Cobblestone Stairs	Escalier en pierre
LEGACY_COCOA	Cocoa	Cacao
LEGACY_COMPASS	Compass	Boussole
LEGACY_COOKED_BEEF	Steak	Steak
LEGACY_COOKED_CHICKEN	Cooked Chicken	Poulet rôti
LEGACY_COOKED_MUTTON	Cooked Mutton	Mouton cuit
LEGACY_COOKED_RABBIT	Cooked Rabbit	Lapin cuit
LEGACY_COOKIE	Cookie	Cookie
LEGACY_CYAN_GLAZED_TERRACOTTA	Cyan Glazed Terracotta	Terre cuite émaillée cyan
LEGACY_CYAN_SHULKER_BOX	Cyan Shulker Box	Boîte de Shulker cyan
LEGACY_DARK_OAK_DOOR	Dark Oak Door	Porte en chêne noir
LEGACY_DARK_OAK_FENCE	Dark Oak Fence	Barrière en chêne noir
LEGACY_DARK_OAK_FENCE_GATE	Dark Oak Fence Gate	Portillon en chêne noir
LEGACY_DARK_OAK_STAIRS	Dark Oak Stairs	Escalier en chêne noir
LEGACY_DAYLIGHT_DETECTOR	Daylight Detector	Capteur de lumière
LEGACY_DEAD_BUSH	Dead Bush	Buisson mort
LEGACY_DETECTOR_RAIL	Detector Rail	Rails détecteurs
LEGACY_DIAMOND	Diamond	Diamant
LEGACY_DIAMOND_AXE	Diamond Axe	Hache en diamant
LEGACY_DIAMOND_BLOCK	Block of Diamond	Bloc de diamant
LEGACY_DIAMOND_BOOTS	Diamond Boots	Bottes en diamant
LEGACY_DIAMOND_CHESTPLATE	Diamond Chestplate	Plastron en diamant
LEGACY_DIAMOND_HELMET	Diamond Helmet	Casque en diamant
LEGACY_DIAMOND_HOE	Diamond Hoe	Houe en diamant
LEGACY_DIAMOND_LEGGINGS	Diamond Leggings	Jambières en diamant
LEGACY_DIAMOND_ORE	Diamond Ore	Minerai de diamant
LEGACY_DIAMOND_PICKAXE	Diamond Pickaxe	Pioche en diamant
LEGACY_DIAMOND_SWORD	Diamond Sword	Épée en diamant
LEGACY_DIRT	Dirt	Terre
LEGACY_DISPENSER	Dispenser	Distributeur
LEGACY_DRAGON_EGG	Dragon Egg	Oeuf de dragon
LEGACY_DROPPER	Dropper	Dropper
LEGACY_EGG	Egg	Oeuf
LEGACY_ELYTRA	Elytra	Élytres
LEGACY_EMERALD	Emerald	Émeraude
LEGACY_EMERALD_BLOCK	Block of Emerald	Bloc d'émeraude
LEGACY_EMERALD_ORE	Emerald Ore	Minerai d'émeraude
LEGACY_ENCHANTED_BOOK	Enchanted Book	Livre enchanté
LEGACY_ENDER_CHEST	Ender Chest	Coffre de l'Ender
LEGACY_ENDER_PEARL	Ender Pearl	Perle de l'Ender
LEGACY_END_CRYSTAL	End Crystal	Cristal de l'End
LEGACY_END_GATEWAY	End Gateway	Passerelle de l'End
LEGACY_END_ROD	End Rod	Barre de l'End
LEGACY_FEATHER	Feather	Plume
LEGACY_FERMENTED_SPIDER_EYE	Fermented Spider Eye	Oeil d'araignée fermenté
LEGACY_FIRE	Fire	Feu
LEGACY_FISHING_ROD	Fishing Rod	Canne à pêche
LEGACY_FLINT	Flint	Silex
LEGACY_FLINT_AND_STEEL	Flint and Steel	Briquet
LEGACY_FLOWER_POT	Flower Pot	Pot de fleurs
LEGACY_FROSTED_ICE	Frosted Ice	Glace givrée
LEGACY_FURNACE	Furnace	Fourneau
LEGACY_GHAST_TEAR	Ghast Tear	Larme de Ghast
LEGACY_GLASS	Glass	Verre
LEGACY_GLASS_BOTTLE	Glass Bottle	Fiole
LEGACY_GLOWSTONE	Glowstone	Pierre lumineuse
LEGACY_GLOWSTONE_DUST	Glowstone Dust	Poudre lumineuse
LEGACY_GOLDEN_APPLE	Golden Apple	Pomme dorée
LEGACY_GOLDEN_CARROT	Golden Carrot	Carotte dorée
LEGACY_GOLD_BLOCK	Block of Gold	Bloc d'or
LEGACY_GOLD_INGOT	Gold Ingot	Lingot d'or
LEGACY_GOLD_NUGGET	Gold Nugget	Pépite d'or
LEGACY_GOLD_ORE	Gold Ore	Minerai d'or
LEGACY_GRASS	Grass	Herbe
LEGACY_GRAVEL	Gravel	Gravier
LEGACY_GRAY_GLAZED_TERRACOTTA	Gray Glazed Terracotta	Terre cuite émaillée grise
LEGACY_GRAY_SHULKER_BOX	Gray Shulker Box	Boîte de Shulker grise
LEGACY_GREEN_GLAZED_TERRACOTTA	Green Glazed Terracotta	Terre cuite émaillée verte
LEGACY_GREEN_SHULKER_BOX	Green Shulker Box	Boîte de Shulker verte
LEGACY_HAY_BLOCK	Hay Bale	Botte de paille
LEGACY_HOPPER	Hopper	Entonnoir
LEGACY_HOPPER_MINECART	Minecart with Hopper	Wagonnet à entonnoir
LEGACY_ICE	Ice	Glace
LEGACY_IRON_AXE	Iron Axe	Hache en fer
LEGACY_IRON_BLOCK	Block of Iron	Bloc de fer
LEGACY_IRON_BOOTS	Iron Boots	Bottes en fer
LEGACY_IRON_CHESTPLATE	Iron Chestplate	Plastron en fer
LEGACY_IRON_DOOR	Iron Door	Porte en fer
LEGACY_IRON_HELMET	Iron Helmet	Casque en fer
LEGACY_IRON_HOE	Iron Hoe	Houe en fer
LEGACY_IRON_INGOT	Iron Ingot	Lingot de fer
LEGACY_IRON_LEGGINGS	Iron Leggings	Jambières en fer
LEGACY_IRON_NUGGET	Iron Nugget	Pépite de fer
LEGACY_IRON_ORE	Iron Ore	Minerai de fer
LEGACY_IRON_PICKAXE	Iron Pickaxe	Pioche en fer
LEGACY_IRON_SWORD	Iron Sword	Épée en fer
LEGACY_IRON_TRAPDOOR	Iron Trapdoor	Trappe en fer
LEGACY_ITEM_FRAME	Item Frame	Cadre
LEGACY_JACK_O_LANTERN	Jack o'Lantern	Citrouille-lanterne
LEGACY_JUKEBOX	Jukebox	Jukebox
LEGACY_JUNGLE_DOOR	Jungle Door	Porte en acajou
LEGACY_JUNGLE_FENCE	Jungle Fence	Barrière en acajou
LEGACY_JUNGLE_FENCE_GATE	Jungle Fence Gate	Portillon en acajou
LEGACY_KNOWLEDGE_BOOK	Knowledge Book	Livre des connaissances
LEGACY_LADDER	Ladder	Échelle
LEGACY_LAPIS_BLOCK	Block of Lapis Lazuli	Bloc de lapis-lazuli
LEGACY_LAPIS_ORE	Lapis Lazuli Ore	Minerai de lapis-lazuli
LEGACY_LAVA	Lava	Lave
LEGACY_LAVA_BUCKET	Lava Bucket	Seau de lave
LEGACY_LEATHER	Leather	Cuir
LEGACY_LEATHER_BOOTS	Leather Boots	Bottes en cuir
LEGACY_LEATHER_CHESTPLATE	Leather Tunic	Tunique en cuir
LEGACY_LEATHER_HELMET	Leather Cap	Chapeau en cuir
LEGACY_LEATHER_LEGGINGS	Leather Pants	Pantalon en cuir
LEGACY_LEVER	Lever	Levier
LEGACY_LIGHT_BLUE_GLAZED_TERRACOTTA	Light Blue Glazed Terracotta	Terre cuite émaillée bleu clair
LEGACY_LIGHT_BLUE_SHULKER_BOX	Light Blue Shulker Box	Boîte de Shulker bleu clair
LEGACY_LIME_GLAZED_TERRACOTTA	Lime Glazed Terracotta	Terre cuite émaillée vert clair
LEGACY_LIME_SHULKER_BOX	Lime Shulker Box	Boîte de Shulker vert clair
LEGACY_LINGERING_POTION	Lingering Potion	Potion persistante
LEGACY_MAGENTA_GLAZED_TERRACOTTA	Magenta Glazed Terracotta	Terre cuite émaillée magenta
LEGACY_MAGENTA_SHULKER_BOX	Magenta Shulker Box	Boîte de Shulker magenta
LEGACY_MAGMA_CREAM	Magma Cream	Crème de magma
LEGACY_MAP	Empty Map	Carte vierge
LEGACY_MELON	Melon	Pastèque
LEGACY_MELON_SEEDS	Melon Seeds	Graines de pastèque
LEGACY_MELON_STEM	Melon Stem	Tige de pastèque
LEGACY_MILK_BUCKET	Milk Bucket	Seau de lait
LEGACY_MINECART	Minecart	Wagonnet
LEGACY_MOSSY_COBBLESTONE	Mossy Cobblestone	Pierres moussues
LEGACY_MUTTON	Raw Mutton	Mouton cru
LEGACY_NAME_TAG	Name Tag	Étiquette
LEGACY_NETHERRACK	Netherrack	Netherrack
LEGACY_NETHER_BRICK	Nether Brick	Brique du Nether
LEGACY_NETHER_BRICK_STAIRS	Nether Brick Stairs	Escalier en briques du Nether
LEGACY_NETHER_STAR	Nether Star	Étoile du Nether
LEGACY_NETHER_WART_BLOCK	Nether Wart Block	Bloc de verrues du Nether
LEGACY_NOTE_BLOCK	Note Block	Bloc musical
LEGACY_OBSERVER	Observer	Observateur
LEGACY_OBSIDIAN	Obsidian	Obsidienne
LEGACY_ORANGE_GLAZED_TERRACOTTA	Orange Glazed Terracotta	Terre cuite émaillée orange
LEGACY_ORANGE_SHULKER_BOX	Orange Shulker Box	Boîte de Shulker orange
LEGACY_PACKED_ICE	Packed Ice	Glace compactée
LEGACY_PAINTING	Painting	Tableau
LEGACY_PAPER	Paper	Papier
LEGACY_PINK_GLAZED_TERRACOTTA	Pink Glazed Terracotta	Terre cuite émaillée rose
LEGACY_PINK_SHULKER_BOX	Pink Shulker Box	Boîte de Shulker rose
LEGACY_POISONOUS_POTATO	Poisonous Potato	Pomme de terre empoisonnée
LEGACY_POTATO	Potato	Pomme de terre
LEGACY_POTION	Potion	Potion
LEGACY_POWERED_RAIL	Powered Rail	Rails de propulsion
LEGACY_PRISMARINE	Prismarine	Prismarine
LEGACY_PRISMARINE_CRYSTALS	Prismarine Crystals	Cristaux de prismarine
LEGACY_PRISMARINE_SHARD	Prismarine Shard	Éclat de prismarine
LEGACY_PUMPKIN	Pumpkin	Citrouille
LEGACY_PUMPKIN_PIE	Pumpkin Pie	Tarte à la citrouille
LEGACY_PUMPKIN_SEEDS	Pumpkin Seeds	Graines de citrouille
LEGACY_PUMPKIN_STEM	Pumpkin Stem	Tige de citrouille
LEGACY_PURPLE_GLAZED_TERRACOTTA	Purple Glazed Terracotta	Terre cuite émaillée violette
LEGACY_PURPLE_SHULKER_BOX	Purple Shulker Box	Boîte de Shulker violette
LEGACY_PURPUR_BLOCK	Purpur Block	Bloc de purpur
LEGACY_PURPUR_PILLAR	Purpur Pillar	Pilier de purpur
LEGACY_PURPUR_SLAB	Purpur Slab	Dalle de purpur
LEGACY_PURPUR_STAIRS	Purpur Stairs	Escalier en purpur
LEGACY_QUARTZ	Nether Quartz	Quartz du Nether
LEGACY_QUARTZ_BLOCK	Block of Quartz	Bloc de quartz
LEGACY_QUARTZ_STAIRS	Quartz Stairs	Escalier en quartz
LEGACY_RABBIT	Raw Rabbit	Lapin cru
LEGACY_RABBIT_FOOT	Rabbit's Foot	Patte de lapin
LEGACY_RABBIT_HIDE	Rabbit Hide	Peau de lapin
LEGACY_RABBIT_STEW	Rabbit Stew	Ragoût de lapin
LEGACY_REDSTONE	Redstone Dust	Poudre de redstone
LEGACY_REDSTONE_BLOCK	Block of Redstone	Bloc de redstone
LEGACY_REDSTONE_ORE	Redstone Ore	Minerai de redstone
LEGACY_REDSTONE_WIRE	Redstone Wire	Câble de redstone
LEGACY_RED_GLAZED_TERRACOTTA	Red Glazed Terracotta	Terre cuite émaillée rouge
LEGACY_RED_MUSHROOM	Red Mushroom	Champignon rouge
LEGACY_RED_SANDSTONE	Red Sandstone	Grès rouge
LEGACY_RED_SANDSTONE_STAIRS	Red Sandstone Stairs	Escalier en grès rouge
LEGACY_RED_SHULKER_BOX	Red Shulker Box	Boîte de Shulker rouge
LEGACY_ROTTEN_FLESH	Rotten Flesh	Chair putréfiée
LEGACY_SADDLE	Saddle	Selle
LEGACY_SAND	Sand	Sable
LEGACY_SANDSTONE	Sandstone	Grès
LEGACY_SANDSTONE_STAIRS	Sandstone Stairs	Escalier en grès
LEGACY_SEA_LANTERN	Sea Lantern	Lanterne aquatique
LEGACY_SHEARS	Shears	Cisailles
LEGACY_SHIELD	Shield	Bouclier
LEGACY_SHULKER_SHELL	Shulker Shell	Carapace de Shulker
LEGACY_SIGN	Sign	Pancarte
LEGACY_SLIME_BALL	Slimeball	Boule de slime
LEGACY_SLIME_BLOCK	Slime Block	Bloc de slime
LEGACY_SNOW	Snow	Neige
LEGACY_SNOW_BLOCK	Snow Block	Bloc de neige
LEGACY_SOUL_SAND	Soul Sand	Sable des âmes
LEGACY_SPECTRAL_ARROW	Spectral Arrow	Flèche spectrale
LEGACY_SPIDER_EYE	Spider Eye	Oeil d'araignée
LEGACY_SPLASH_POTION	Splash Potion	Potion jetable
LEGACY_SPONGE	Sponge	Éponge
LEGACY_SPRUCE_DOOR	Spruce Door	Porte en sapin
LEGACY_SPRUCE_FENCE	Spruce Fence	Barrière en sapin
LEGACY_SPRUCE_FENCE_GATE	Spruce Fence Gate	Portillon en sapin
LEGACY_STICK	Stick	Bâton
LEGACY_STONE	Stone	Roche
LEGACY_STONE_AXE	Stone Axe	Hache en pierre
LEGACY_STONE_BUTTON	Stone Button	Bouton en pierre
LEGACY_STONE_HOE	Stone Hoe	Houe en pierre
LEGACY_STONE_PICKAXE	Stone Pickaxe	Pioche en pierre
LEGACY_STONE_SWORD	Stone Sword	Épée en pierre
LEGACY_STRING	String	Ficelle
LEGACY_STRUCTURE_BLOCK	Structure Block	Bloc de structure
LEGACY_STRUCTURE_VOID	Structure Void	Vide de structure
LEGACY_SUGAR	Sugar	Sucre
LEGACY_SUGAR_CANE	Sugar Cane	Canne à sucre
LEGACY_TIPPED_ARROW	Tipped Arrow	Flèche à effet
LEGACY_TNT	TNT	TNT
LEGACY_TORCH	Torch	Torche
LEGACY_TRAPPED_CHEST	Trapped Chest	Coffre piégé
LEGACY_TRIPWIRE	Tripwire	Fil de déclenchement
LEGACY_TRIPWIRE_HOOK	Tripwire Hook	Crochet
LEGACY_VINE	Vines	Lianes
LEGACY_WATER	Water	Eau
LEGACY_WATER_BUCKET	Water Bucket	Seau d'eau
LEGACY_WHEAT	Wheat	Blé
LEGACY_WHITE_GLAZED_TERRACOTTA	White Glazed Terracotta	Terre cuite émaillée blanche
LEGACY_WHITE_SHULKER_BOX	White Shulker Box	Boîte de Shulker blanche
LEGACY_WRITTEN_BOOK	Written Book	Livre écrit
LEGACY_YELLOW_GLAZED_TERRACOTTA	Yellow Glazed Terracotta	Terre cuite émaillée jaune
LEGACY_YELLOW_SHULKER_BOX	Yellow Shulker Box	Boîte de Shulker jaune
LEVER	Lever	Levier
LIGHT	Light	Lumière
LIGHTNING_ROD	Lightning Rod	Paratonnerre
LIGHT_BLUE_BANNER	Light Blue Banner	Bannière bleu clair
LIGHT_BLUE_BED	Light Blue Bed	Lit bleu clair
LIGHT_BLUE_BUNDLE	Light Blue Bundle	Sac bleu clair
LIGHT_BLUE_CANDLE	Light Blue Candle	Bougie bleu clair
LIGHT_BLUE_CANDLE_CAKE	Cake with Light Blue Candle	Gâteau à bougie bleu clair
LIGHT_BLUE_CARPET	Light Blue Carpet	Tapis bleu clair
LIGHT_BLUE_CONCRETE	Light Blue Concrete	Béton bleu clair
LIGHT_BLUE_CONCRETE_POWDER	Light Blue Concrete Powder	Béton bleu clair en poudre
LIGHT_BLUE_DYE	Light Blue Dye	Teinture bleu clair
LIGHT_BLUE_GLAZED_TERRACOTTA	Light Blue Glazed Terracotta	Terre cuite émaillée bleu clair
LIGHT_BLUE_HARNESS	Light Blue Harness	Harnais bleu clair
LIGHT_BLUE_SHULKER_BOX	Light Blue Shulker Box	Boîte de Shulker bleu clair
LIGHT_BLUE_STAINED_GLASS	Light Blue Stained Glass	Verre bleu clair
LIGHT_BLUE_STAINED_GLASS_PANE	Light Blue Stained Glass Pane	Vitre bleu clair
LIGHT_BLUE_TERRACOTTA	Light Blue Terracotta	Terre cuite bleu clair
LIGHT_BLUE_WOOL	Light Blue Wool	Laine bleu clair
LIGHT_GRAY_BANNER	Light Gray Banner	Bannière gris clair
LIGHT_GRAY_BED	Light Gray Bed	Lit gris clair
LIGHT_GRAY_BUNDLE	Light Gray Bundle	Sac gris clair
LIGHT_GRAY_CANDLE	Light Gray Candle	Bougie gris clair
LIGHT_GRAY_CANDLE_CAKE	Cake with Light Gray Candle	Gâteau à bougie gris clair
LIGHT_GRAY_CARPET	Light Gray Carpet	Tapis gris clair
LIGHT_GRAY_CONCRETE	Light Gray Concrete	Béton gris clair
LIGHT_GRAY_CONCRETE_POWDER	Light Gray Concrete Powder	Béton gris clair en poudre
LIGHT_GRAY_DYE	Light Gray Dye	Teinture gris clair
LIGHT_GRAY_GLAZED_TERRACOTTA	Light Gray Glazed Terracotta	Terre cuite émaillée gris clair
LIGHT_GRAY_HARNESS	Light Gray Harness	Harnais gris clair
LIGHT_GRAY_SHULKER_BOX	Light Gray Shulker Box	Boîte de Shulker gris clair
LIGHT_GRAY_STAINED_GLASS	Light Gray Stained Glass	Verre gris clair
LIGHT_GRAY_STAINED_GLASS_PANE	Light Gray Stained Glass Pane	Vitre gris clair
LIGHT_GRAY_TERRACOTTA	Light Gray Terracotta	Terre cuite gris clair
LIGHT_GRAY_WOOL	Light Gray Wool	Laine gris clair
LIGHT_WEIGHTED_PRESSURE_PLATE	Light Weighted Pressure Plate	Plaque de pression pondérée légère
LILAC	Lilac	Lilas
LILY_OF_THE_VALLEY	Lily of the Valley	Muguet
LILY_PAD	Lily Pad	Nénuphar
LIME_BANNER	Lime Banner	Bannière vert clair
LIME_BED	Lime Bed	Lit vert clair
LIME_BUNDLE	Lime Bundle	Sac vert clair
LIME_CANDLE	Lime Candle	Bougie vert clair
LIME_CANDLE_CAKE	Cake with Lime Candle	Gâteau à bougie vert clair
LIME_CARPET	Lime Carpet	Tapis vert clair
LIME_CONCRETE	Lime Concrete	Béton vert clair
LIME_CONCRETE_POWDER	Lime Concrete Powder	Béton vert clair en poudre
LIME_DYE	Lime Dye	Teinture vert clair
LIME_GLAZED_TERRACOTTA	Lime Glazed Terracotta	Terre cuite émaillée vert clair
LIME_HARNESS	Lime Harness	Harnais vert clair
LIME_SHULKER_BOX	Lime Shulker Box	Boîte de Shulker vert clair
LIME_STAINED_GLASS	Lime Stained Glass	Verre vert clair
LIME_STAINED_GLASS_PANE	Lime Stained Glass Pane	Vitre vert clair
LIME_TERRACOTTA	Lime Terracotta	Terre cuite vert clair
LIME_WOOL	Lime Wool	Laine vert clair
LINGERING_POTION	Lingering Potion	Potion persistante
LLAMA_SPAWN_EGG	Llama Spawn Egg	Oeuf d'apparition de lama
LODESTONE	Lodestone	Magnétite
LOOM	Loom	Métier à tisser
MACE	Mace	Masse
MAGENTA_BANNER	Magenta Banner	Bannière magenta
MAGENTA_BED	Magenta Bed	Lit magenta
MAGENTA_BUNDLE	Magenta Bundle	Sac magenta
MAGENTA_CANDLE	Magenta Candle	Bougie magenta
MAGENTA_CANDLE_CAKE	Cake with Magenta Candle	Gâteau à bougie magenta
MAGENTA_CARPET	Magenta Carpet	Tapis magenta
MAGENTA_CONCRETE	Magenta Concrete	Béton magenta
MAGENTA_CONCRETE_POWDER	Magenta Concrete Powder	Béton magenta en poudre
MAGENTA_DYE	Magenta Dye	Teinture magenta
MAGENTA_GLAZED_TERRACOTTA	Magenta Glazed Terracotta	Terre cuite émaillée magenta
MAGENTA_HARNESS	Magenta Harness	Harnais magenta
MAGENTA_SHULKER_BOX	Magenta Shulker Box	Boîte de Shulker magenta
MAGENTA_STAINED_GLASS	Magenta Stained Glass	Verre magenta
MAGENTA_STAINED_GLASS_PANE	Magenta Stained Glass Pane	Vitre magenta
MAGENTA_TERRACOTTA	Magenta Terracotta	Terre cuite magenta
MAGENTA_WOOL	Magenta Wool	Laine magenta
MAGMA_BLOCK	Magma Block	Bloc de magma
MAGMA_CREAM	Magma Cream	Crème de magma
MAGMA_CUBE_SPAWN_EGG	Magma Cube Spawn Egg	Oeuf d'apparition de cube de magma
MANGROVE_BOAT	Mangrove Boat	Bateau en palétuvier
MANGROVE_BUTTON	Mangrove Button	Bouton en palétuvier
MANGROVE_CHEST_BOAT	Mangrove Boat with Chest	Bateau de stockage en palétuvier
MANGROVE_DOOR	Mangrove Door	Porte en palétuvier
MANGROVE_FENCE	Mangrove Fence	Barrière en palétuvier
MANGROVE_FENCE_GATE	Mangrove Fence Gate	Portillon en palétuvier
MANGROVE_HANGING_SIGN	Mangrove Hanging Sign	Pancarte suspendue en palétuvier
MANGROVE_LEAVES	Mangrove Leaves	Feuilles de palétuvier
MANGROVE_LOG	Mangrove Log	Bûche de palétuvier
MANGROVE_PLANKS	Mangrove Planks	Planches de palétuvier
MANGROVE_PRESSURE_PLATE	Mangrove Pressure Plate	Plaque de pression en palétuvier
MANGROVE_PROPAGULE	Mangrove Propagule	Propagule de palétuvier
MANGROVE_ROOTS	Mangrove Roots	Racines de palétuvier
MANGROVE_SHELF	Mangrove Shelf	Étagère en palétuvier
MANGROVE_SIGN	Mangrove Sign	Pancarte en palétuvier
MANGROVE_SLAB	Mangrove Slab	Dalle en palétuvier
MANGROVE_STAIRS	Mangrove Stairs	Escalier en palétuvier
MANGROVE_TRAPDOOR	Mangrove Trapdoor	Trappe en palétuvier
MANGROVE_WALL_HANGING_SIGN	Mangrove Wall Hanging Sign	Pancarte suspendue en palétuvier murale
MANGROVE_WALL_SIGN	Mangrove Wall Sign	Pancarte en palétuvier murale
MANGROVE_WOOD	Mangrove Wood	Bois de palétuvier
MAP	Empty Map	Carte vierge
MEDIUM_AMETHYST_BUD	Medium Amethyst Bud	Cristal moyen d'améthyste
MELON	Melon	Pastèque
MELON_SEEDS	Melon Seeds	Graines de pastèque
MELON_SLICE	Melon Slice	Tranche de pastèque
MELON_STEM	Melon Stem	Tige de pastèque
MILK_BUCKET	Milk Bucket	Seau de lait
MINECART	Minecart	Wagonnet
MINER_POTTERY_SHERD	Miner Pottery Sherd	Tesson de poterie de mineur
MOJANG_BANNER_PATTERN	Banner Pattern	Motif de bannière
MOOSHROOM_SPAWN_EGG	Mooshroom Spawn Egg	Oeuf d'apparition de Mooshroom
MOSSY_COBBLESTONE	Mossy Cobblestone	Pierres moussues
MOSSY_COBBLESTONE_SLAB	Mossy Cobblestone Slab	Dalle de pierres moussues
MOSSY_COBBLESTONE_STAIRS	Mossy Cobblestone Stairs	Escalier en pierres moussues
MOSSY_COBBLESTONE_WALL	Mossy Cobblestone Wall	Muret de pierres moussues
MOSSY_STONE_BRICKS	Mossy Stone Bricks	Pierre taillée moussue
MOSSY_STONE_BRICK_SLAB	Mossy Stone Brick Slab	Dalle de pierre taillée moussue
MOSSY_STONE_BRICK_STAIRS	Mossy Stone Brick Stairs	Escalier en pierre taillée moussue
MOSSY_STONE_BRICK_WALL	Mossy Stone Brick Wall	Muret de pierre taillée moussue
MOSS_BLOCK	Moss Block	Bloc de mousse
MOSS_CARPET	Moss Carpet	Tapis de mousse
MOURNER_POTTERY_SHERD	Mourner Pottery Sherd	Tesson de poterie de pleureur
MOVING_PISTON	Moving Piston	Bloc en mouvement
MUD	Mud	Boue
MUDDY_MANGROVE_ROOTS	Muddy Mangrove Roots	Racines de palétuvier boueuses
MUD_BRICKS	Mud Bricks	Briques de terre crue
MUD_BRICK_SLAB	Mud Brick Slab	Dalle de briques de terre crue
MUD_BRICK_STAIRS	Mud Brick Stairs	Escalier en briques de terre crue
MUD_BRICK_WALL	Mud Brick Wall	Muret de briques de terre crue
MULE_SPAWN_EGG	Mule Spawn Egg	Oeuf d'apparition de mule
MUSHROOM_STEM	Mushroom Stem	Tige de champignon
MUSHROOM_STEW	Mushroom Stew	Soupe de champignons
MUSIC_DISC_11	Music Disc	Disque
MUSIC_DISC_13	Music Disc	Disque
MUSIC_DISC_5	Music Disc	Disque
MUSIC_DISC_BLOCKS	Music Disc	Disque
MUSIC_DISC_BOUNCE	Music Disc - Bounce	Disque musical - Bounce
MUSIC_DISC_CAT	Music Disc	Disque
MUSIC_DISC_CHIRP	Music Disc	Disque
MUSIC_DISC_CREATOR	Music Disc	Disque
MUSIC_DISC_CREATOR_MUSIC_BOX	Music Disc	Disque
MUSIC_DISC_FAR	Music Disc	Disque
MUSIC_DISC_LAVA_CHICKEN	Music Disc	Disque
MUSIC_DISC_MALL	Music Disc	Disque
MUSIC_DISC_MELLOHI	Music Disc	Disque
MUSIC_DISC_OTHERSIDE	Music Disc	Disque
MUSIC_DISC_PIGSTEP	Music Disc	Disque
MUSIC_DISC_PRECIPICE	Music Disc	Disque
MUSIC_DISC_RELIC	Music Disc	Disque
MUSIC_DISC_STAL	Music Disc	Disque
MUSIC_DISC_STRAD	Music Disc	Disque
MUSIC_DISC_TEARS	Music Disc	Disque
MUSIC_DISC_WAIT	Music Disc	Disque
MUSIC_DISC_WARD	Music Disc	Disque
MUTTON	Raw Mutton	Mouton cru
MYCELIUM	Mycelium	Mycélium
NAME_TAG	Name Tag	Étiquette
NAUTILUS_SHELL	Nautilus Shell	Coquille de nautile
NAUTILUS_SPAWN_EGG	Nautilus Spawn Egg	Oeuf d'apparition de nautile
NETHERITE_AXE	Netherite Axe	Hache en Netherite
NETHERITE_BLOCK	Block of Netherite	Bloc de Netherite
NETHERITE_BOOTS	Netherite Boots	Bottes en Netherite
NETHERITE_CHESTPLATE	Netherite Chestplate	Plastron en Netherite
NETHERITE_HELMET	Netherite Helmet	Casque en Netherite
NETHERITE_HOE	Netherite Hoe	Houe en Netherite
NETHERITE_HORSE_ARMOR	Netherite Horse Armor	Armure en Netherite pour cheval
NETHERITE_INGOT	Netherite Ingot	Lingot de Netherite
NETHERITE_LEGGINGS	Netherite Leggings	Jambières en Netherite
NETHERITE_NAUTILUS_ARMOR	Netherite Nautilus Armor	Armure en Netherite pour nautile
NETHERITE_PICKAXE	Netherite Pickaxe	Pioche en Netherite
NETHERITE_SCRAP	Netherite Scrap	Fragments de Netherite
NETHERITE_SHOVEL	Netherite Shovel	Pelle en Netherite
NETHERITE_SPEAR	Netherite Spear	Lance en Netherite
NETHERITE_SWORD	Netherite Sword	Épée en Netherite
NETHERITE_UPGRADE_SMITHING_TEMPLATE	Smithing Template	Modèle de forge
NETHERRACK	Netherrack	Netherrack
NETHER_BRICK	Nether Brick	Brique du Nether
NETHER_BRICKS	Nether Bricks	Briques du Nether
NETHER_BRICK_FENCE	Nether Brick Fence	Barrière en briques du Nether
NETHER_BRICK_SLAB	Nether Brick Slab	Dalle de briques du Nether
NETHER_BRICK_STAIRS	Nether Brick Stairs	Escalier en briques du Nether
NETHER_BRICK_WALL	Nether Brick Wall	Muret de briques du Nether
NETHER_GOLD_ORE	Nether Gold Ore	Minerai d'or du Nether
NETHER_PORTAL	Nether Portal	Portail du Nether
NETHER_QUARTZ_ORE	Nether Quartz Ore	Minerai de quartz du Nether
NETHER_SPROUTS	Nether Sprouts	Germes du Nether
NETHER_STAR	Nether Star	Étoile du Nether
NETHER_WART	Nether Wart	Verrues du Nether
NETHER_WART_BLOCK	Nether Wart Block	Bloc de verrues du Nether
NOTE_BLOCK	Note Block	Bloc musical
OAK_BOAT	Oak Boat	Bateau en chêne
OAK_BUTTON	Oak Button	Bouton en chêne
OAK_CHEST_BOAT	Oak Boat with Chest	Bateau de stockage en chêne
OAK_DOOR	Oak Door	Porte en chêne
OAK_FENCE	Oak Fence	Barrière en chêne
OAK_FENCE_GATE	Oak Fence Gate	Portillon en chêne
OAK_HANGING_SIGN	Oak Hanging Sign	Pancarte suspendue en chêne
OAK_LEAVES	Oak Leaves	Feuilles de chêne
OAK_LOG	Oak Log	Bûche de chêne
OAK_PLANKS	Oak Planks	Planches de chêne
OAK_PRESSURE_PLATE	Oak Pressure Plate	Plaque de pression en chêne
OAK_SAPLING	Oak Sapling	Pousse de chêne
OAK_SHELF	Oak Shelf	Étagère en chêne
OAK_SIGN	Oak Sign	Pancarte en chêne
OAK_SLAB	Oak Slab	Dalle en chêne
OAK_STAIRS	Oak Stairs	Escalier en chêne
OAK_TRAPDOOR	Oak Trapdoor	Trappe en chêne
OAK_WALL_HANGING_SIGN	Oak Wall Hanging Sign	Pancarte suspendue en chêne murale
OAK_WALL_SIGN	Oak Wall Sign	Pancarte en chêne murale
OAK_WOOD	Oak Wood	Bois de chêne
OBSERVER	Observer	Observateur
OBSIDIAN	Obsidian	Obsidienne
OCELOT_SPAWN_EGG	Ocelot Spawn Egg	Oeuf d'apparition d'ocelot
OCHRE_FROGLIGHT	Ochre Froglight	Grelampe ocrée
OMINOUS_BOTTLE	Ominous Bottle	Fiole funeste
OMINOUS_TRIAL_KEY	Ominous Trial Key	Clé des épreuves funeste
OPEN_EYEBLOSSOM	Open Eyeblossom	Oeilchidée ouverte
ORANGE_BANNER	Orange Banner	Bannière orange
ORANGE_BED	Orange Bed	Lit orange
ORANGE_BUNDLE	Orange Bundle	Sac orange
ORANGE_CANDLE	Orange Candle	Bougie orange
ORANGE_CANDLE_CAKE	Cake with Orange Candle	Gâteau à bougie orange
ORANGE_CARPET	Orange Carpet	Tapis orange
ORANGE_CONCRETE	Orange Concrete	Béton orange
ORANGE_CONCRETE_POWDER	Orange Concrete Powder	Béton orange en poudre
ORANGE_DYE	Orange Dye	Teinture orange
ORANGE_GLAZED_TERRACOTTA	Orange Glazed Terracotta	Terre cuite émaillée orange
ORANGE_HARNESS	Orange Harness	Harnais orange
ORANGE_SHULKER_BOX	Orange Shulker Box	Boîte de Shulker orange
ORANGE_STAINED_GLASS	Orange Stained Glass	Verre orange
ORANGE_STAINED_GLASS_PANE	Orange Stained Glass Pane	Vitre orange
ORANGE_TERRACOTTA	Orange Terracotta	Terre cuite orange
ORANGE_TULIP	Orange Tulip	Tulipe orange
ORANGE_WOOL	Orange Wool	Laine orange
OXEYE_DAISY	Oxeye Daisy	Marguerite
OXIDIZED_CHISELED_COPPER	Oxidized Chiseled Copper	Cuivre sculpté oxydé
OXIDIZED_COPPER	Oxidized Copper	Cuivre oxydé
OXIDIZED_COPPER_BARS	Oxidized Copper Bars	Barreaux de cuivre oxydé
OXIDIZED_COPPER_BULB	Oxidized Copper Bulb	Ampoule en cuivre oxydé
OXIDIZED_COPPER_CHAIN	Oxidized Copper Chain	Chaîne en cuivre oxydé
OXIDIZED_COPPER_CHEST	Oxidized Copper Chest	Coffre en cuivre oxydé
OXIDIZED_COPPER_DOOR	Oxidized Copper Door	Porte en cuivre oxydé
OXIDIZED_COPPER_GOLEM_STATUE	Oxidized Copper Golem Statue	Statue de golem de cuivre oxydé
OXIDIZED_COPPER_GRATE	Oxidized Copper Grate	Grille en cuivre oxydé
OXIDIZED_COPPER_LANTERN	Oxidized Copper Lantern	Lanterne en cuivre oxydé
OXIDIZED_COPPER_TRAPDOOR	Oxidized Copper Trapdoor	Trappe en cuivre oxydé
OXIDIZED_CUT_COPPER	Oxidized Cut Copper	Cuivre taillé oxydé
OXIDIZED_CUT_COPPER_SLAB	Oxidized Cut Copper Slab	Dalle de cuivre taillé oxydé
OXIDIZED_CUT_COPPER_STAIRS	Oxidized Cut Copper Stairs	Escalier en cuivre taillé oxydé
OXIDIZED_LIGHTNING_ROD	Oxidized Lightning Rod	Paratonnerre oxydé
PACKED_ICE	Packed Ice	Glace compactée
PACKED_MUD	Packed Mud	Terre crue
PAINTING	Painting	Tableau
PALE_HANGING_MOSS	Pale Hanging Moss	Mousse pâle suspendue
PALE_MOSS_BLOCK	Pale Moss Block	Bloc de mousse pâle
PALE_MOSS_CARPET	Pale Moss Carpet	Tapis de mousse pâle
PALE_OAK_BOAT	Pale Oak Boat	Bateau en chêne pâle
PALE_OAK_BUTTON	Pale Oak Button	Bouton en chêne pâle
PALE_OAK_CHEST_BOAT	Pale Oak Boat with Chest	Bateau de stockage en chêne pâle
PALE_OAK_DOOR	Pale Oak Door	Porte en chêne pâle
PALE_OAK_FENCE	Pale Oak Fence	Barrière en chêne pâle
PALE_OAK_FENCE_GATE	Pale Oak Fence Gate	Portillon en chêne pâle
PALE_OAK_HANGING_SIGN	Pale Oak Hanging Sign	Pancarte suspendue en chêne pâle
PALE_OAK_LEAVES	Pale Oak Leaves	Feuilles de chêne pâle
PALE_OAK_LOG	Pale Oak Log	Bûche de chêne pâle
PALE_OAK_PLANKS	Pale Oak Planks	Planches de chêne pâle
PALE_OAK_PRESSURE_PLATE	Pale Oak Pressure Plate	Plaque de pression en chêne pâle
PALE_OAK_SAPLING	Pale Oak Sapling	Pousse de chêne pâle
PALE_OAK_SHELF	Pale Oak Shelf	Étagère en chêne pâle
PALE_OAK_SIGN	Pale Oak Sign	Pancarte en chêne pâle
PALE_OAK_SLAB	Pale Oak Slab	Dalle en chêne pâle
PALE_OAK_STAIRS	Pale Oak Stairs	Escalier en chêne pâle
PALE_OAK_TRAPDOOR	Pale Oak Trapdoor	Trappe en chêne pâle
PALE_OAK_WALL_HANGING_SIGN	Pale Oak Wall Hanging Sign	Pancarte suspendue en chêne pâle murale
PALE_OAK_WALL_SIGN	Pale Oak Wall Sign	Pancarte en chêne pâle murale
PALE_OAK_WOOD	Pale Oak Wood	Bois de chêne pâle
PANDA_SPAWN_EGG	Panda Spawn Egg	Oeuf d'apparition de panda
PAPER	Paper	Papier
PARCHED_SPAWN_EGG	Parched Spawn Egg	Oeuf d'apparition de desséché
PARROT_SPAWN_EGG	Parrot Spawn Egg	Oeuf d'apparition de perroquet
PEARLESCENT_FROGLIGHT	Pearlescent Froglight	Grelampe nacrée
PEONY	Peony	Pivoine
PETRIFIED_OAK_SLAB	Petrified Oak Slab	Dalle en chêne pétrifiée
PHANTOM_MEMBRANE	Phantom Membrane	Membrane de Phantom
PHANTOM_SPAWN_EGG	Phantom Spawn Egg	Oeuf d'apparition de Phantom
PIGLIN_BANNER_PATTERN	Banner Pattern	Motif de bannière
PIGLIN_BRUTE_SPAWN_EGG	Piglin Brute Spawn Egg	Oeuf d'apparition de Piglin barbare
PIGLIN_HEAD	Piglin Head	Tête de Piglin
PIGLIN_SPAWN_EGG	Piglin Spawn Egg	Oeuf d'apparition de Piglin
PIGLIN_WALL_HEAD	Piglin Wall Head	Tête de Piglin murale
PIG_SPAWN_EGG	Pig Spawn Egg	Oeuf d'apparition de cochon
PILLAGER_SPAWN_EGG	Pillager Spawn Egg	Oeuf d'apparition de pillard
PINK_BANNER	Pink Banner	Bannière rose
PINK_BED	Pink Bed	Lit rose
PINK_BUNDLE	Pink Bundle	Sac rose
PINK_CANDLE	Pink Candle	Bougie rose
PINK_CANDLE_CAKE	Cake with Pink Candle	Gâteau à bougie rose
PINK_CARPET	Pink Carpet	Tapis rose
PINK_CONCRETE	Pink Concrete	Béton rose
PINK_CONCRETE_POWDER	Pink Concrete Powder	Béton rose en poudre
PINK_DYE	Pink Dye	Teinture rose
PINK_GLAZED_TERRACOTTA	Pink Glazed Terracotta	Terre cuite émaillée rose
PINK_HARNESS	Pink Harness	Harnais rose
PINK_PETALS	Pink Petals	Pétales roses
PINK_SHULKER_BOX	Pink Shulker Box	Boîte de Shulker rose
PINK_STAINED_GLASS	Pink Stained Glass	Verre rose
PINK_STAINED_GLASS_PANE	Pink Stained Glass Pane	Vitre rose
PINK_TERRACOTTA	Pink Terracotta	Terre cuite rose
PINK_TULIP	Pink Tulip	Tulipe rose
PINK_WOOL	Pink Wool	Laine rose
PISTON	Piston	Piston
PISTON_HEAD	Piston Head	Tête de piston
PITCHER_CROP	Pitcher Crop	Plant de planturne
PITCHER_PLANT	Pitcher Plant	Planturne
PITCHER_POD	Pitcher Pod	Gousse de planturne
PLAYER_HEAD	Player Head	Tête de joueur
PLAYER_WALL_HEAD	Player Wall Head	Tête de joueur murale
PLENTY_POTTERY_SHERD	Plenty Pottery Sherd	Tesson de poterie de richesse
PODZOL	Podzol	Podzol
POINTED_DRIPSTONE	Pointed Dripstone	Spéléothème pointu
POISONOUS_POTATO	Poisonous Potato	Pomme de terre empoisonnée
POLAR_BEAR_SPAWN_EGG	Polar Bear Spawn Egg	Oeuf d'apparition d'ours blanc
POLISHED_ANDESITE	Polished Andesite	Andésite polie
POLISHED_ANDESITE_SLAB	Polished Andesite Slab	Dalle d'andésite polie
POLISHED_ANDESITE_STAIRS	Polished Andesite Stairs	Escalier en andésite polie
POLISHED_BASALT	Polished Basalt	Basalte poli
POLISHED_BLACKSTONE	Polished Blackstone	Pierre noire
POLISHED_BLACKSTONE_BRICKS	Polished Blackstone Bricks	Pierre noire taillée
POLISHED_BLACKSTONE_BRICK_SLAB	Polished Blackstone Brick Slab	Dalle de pierre noire taillée
POLISHED_BLACKSTONE_BRICK_STAIRS	Polished Blackstone Brick Stairs	Escalier en pierre noire taillée
POLISHED_BLACKSTONE_BRICK_WALL	Polished Blackstone Brick Wall	Muret de pierre noire taillée
POLISHED_BLACKSTONE_BUTTON	Polished Blackstone Button	Bouton en pierre noire
POLISHED_BLACKSTONE_PRESSURE_PLATE	Polished Blackstone Pressure Plate	Plaque de pression en pierre noire
POLISHED_BLACKSTONE_SLAB	Polished Blackstone Slab	Dalle de pierre noire
POLISHED_BLACKSTONE_STAIRS	Polished Blackstone Stairs	Escalier en pierre noire
POLISHED_BLACKSTONE_WALL	Polished Blackstone Wall	Muret de pierre noire
POLISHED_CINNABAR	Polished Cinnabar	Cinabre poli
POLISHED_CINNABAR_SLAB	Polished Cinnabar Slab	Dalle de cinabre poli
POLISHED_CINNABAR_STAIRS	Polished Cinnabar Stairs	Escalier en cinabre poli
POLISHED_CINNABAR_WALL	Polished Cinnabar Wall	Muret en cinabre poli
POLISHED_DEEPSLATE	Polished Deepslate	Ardoise des abîmes polie
POLISHED_DEEPSLATE_SLAB	Polished Deepslate Slab	Dalle d'ardoise des abîmes polie
POLISHED_DEEPSLATE_STAIRS	Polished Deepslate Stairs	Escalier en ardoise des abîmes polie
POLISHED_DEEPSLATE_WALL	Polished Deepslate Wall	Muret d'ardoise des abîmes polie
POLISHED_DIORITE	Polished Diorite	Diorite polie
POLISHED_DIORITE_SLAB	Polished Diorite Slab	Dalle de diorite polie
POLISHED_DIORITE_STAIRS	Polished Diorite Stairs	Escalier en diorite polie
POLISHED_GRANITE	Polished Granite	Granite poli
POLISHED_GRANITE_SLAB	Polished Granite Slab	Dalle de granite poli
POLISHED_GRANITE_STAIRS	Polished Granite Stairs	Escalier en granite poli
POLISHED_SULFUR	Polished Sulfur	Soufre poli
POLISHED_SULFUR_SLAB	Polished Sulfur Slab	Dalle de soufre poli
POLISHED_SULFUR_STAIRS	Polished Sulfur Stairs	Escalier en soufre poli
POLISHED_SULFUR_WALL	Polished Sulfur Wall	Muret en soufre poli
POLISHED_TUFF	Polished Tuff	Tuf poli
POLISHED_TUFF_SLAB	Polished Tuff Slab	Dalle de tuf poli
POLISHED_TUFF_STAIRS	Polished Tuff Stairs	Escalier en tuf poli
POLISHED_TUFF_WALL	Polished Tuff Wall	Muret de tuf poli
POPPED_CHORUS_FRUIT	Popped Chorus Fruit	Chorus éclaté
POPPY	Poppy	Coquelicot
PORKCHOP	Raw Porkchop	Côtelette de porc crue
POTATO	Potato	Pomme de terre
POTATOES	Potatoes	Pommes de terre
POTENT_SULFUR	Potent Sulfur	Soufre concentre
POTION	Potion	Potion
POTTED_ACACIA_SAPLING	Potted Acacia Sapling	Pousse d'acacia en pot
POTTED_ALLIUM	Potted Allium	Allium en pot
POTTED_AZALEA_BUSH	Potted Azalea	Azalée en pot
POTTED_AZURE_BLUET	Potted Azure Bluet	Houstonie bleue en pot
POTTED_BAMBOO	Potted Bamboo	Bambou en pot
POTTED_BIRCH_SAPLING	Potted Birch Sapling	Pousse de bouleau en pot
POTTED_BLUE_ORCHID	Potted Blue Orchid	Orchidée bleue en pot
POTTED_BROWN_MUSHROOM	Potted Brown Mushroom	Champignon brun en pot
POTTED_CACTUS	Potted Cactus	Cactus en pot
POTTED_CHERRY_SAPLING	Potted Cherry Sapling	Pousse de cerisier en pot
POTTED_CLOSED_EYEBLOSSOM	Potted Closed Eyeblossom	Oeilchidée fermée en pot
POTTED_CORNFLOWER	Potted Cornflower	Bleuet en pot
POTTED_CRIMSON_FUNGUS	Potted Crimson Fungus	Champignon carmin en pot
POTTED_CRIMSON_ROOTS	Potted Crimson Roots	Racines carmin en pot
POTTED_DANDELION	Potted Dandelion	Pissenlit en pot
POTTED_DARK_OAK_SAPLING	Potted Dark Oak Sapling	Pousse de chêne noir en pot
POTTED_DEAD_BUSH	Potted Dead Bush	Buisson mort en pot
POTTED_FERN	Potted Fern	Fougère en pot
POTTED_FLOWERING_AZALEA_BUSH	Potted Flowering Azalea	Azalée fleurie en pot
POTTED_GOLDEN_DANDELION	Potted Golden Dandelion	Pissenlit dore en pot
POTTED_JUNGLE_SAPLING	Potted Jungle Sapling	Pousse d'acajou en pot
POTTED_LILY_OF_THE_VALLEY	Potted Lily of the Valley	Muguet en pot
POTTED_MANGROVE_PROPAGULE	Potted Mangrove Propagule	Propagule de palétuvier en pot
POTTED_OAK_SAPLING	Potted Oak Sapling	Pousse de chêne en pot
POTTED_OPEN_EYEBLOSSOM	Potted Open Eyeblossom	Oeilchidée ouverte en pot
POTTED_ORANGE_TULIP	Potted Orange Tulip	Tulipe orange en pot
POTTED_OXEYE_DAISY	Potted Oxeye Daisy	Marguerite en pot
POTTED_PALE_OAK_SAPLING	Potted Pale Oak Sapling	Pousse de chêne pâle en pot
POTTED_PINK_TULIP	Potted Pink Tulip	Tulipe rose en pot
POTTED_POPPY	Potted Poppy	Coquelicot en pot
POTTED_RED_MUSHROOM	Potted Red Mushroom	Champignon rouge en pot
POTTED_RED_TULIP	Potted Red Tulip	Tulipe rouge en pot
POTTED_SPRUCE_SAPLING	Potted Spruce Sapling	Pousse de sapin en pot
POTTED_TORCHFLOWER	Potted Torchflower	Torche-fleur en pot
POTTED_WARPED_FUNGUS	Potted Warped Fungus	Champignon biscornu en pot
POTTED_WARPED_ROOTS	Potted Warped Roots	Racines biscornues en pot
POTTED_WHITE_TULIP	Potted White Tulip	Tulipe blanche en pot
POTTED_WITHER_ROSE	Potted Wither Rose	Rose de Wither en pot
POWDER_SNOW	Powder Snow	Neige poudreuse
POWDER_SNOW_BUCKET	Powder Snow Bucket	Seau de neige poudreuse
POWDER_SNOW_CAULDRON	Powder Snow Cauldron	Chaudron de neige poudreuse
POWERED_RAIL	Powered Rail	Rails de propulsion
PRISMARINE	Prismarine	Prismarine
PRISMARINE_BRICKS	Prismarine Bricks	Briques de prismarine
PRISMARINE_BRICK_SLAB	Prismarine Brick Slab	Dalle de briques de prismarine
PRISMARINE_BRICK_STAIRS	Prismarine Brick Stairs	Escalier en briques de prismarine
PRISMARINE_CRYSTALS	Prismarine Crystals	Cristaux de prismarine
PRISMARINE_SHARD	Prismarine Shard	Éclat de prismarine
PRISMARINE_SLAB	Prismarine Slab	Dalle de prismarine
PRISMARINE_STAIRS	Prismarine Stairs	Escalier en prismarine
PRISMARINE_WALL	Prismarine Wall	Muret de prismarine
PRIZE_POTTERY_SHERD	Prize Pottery Sherd	Tesson de poterie de joyau
PUFFERFISH	Pufferfish	Poisson-globe
PUFFERFISH_BUCKET	Bucket of Pufferfish	Poisson-globe dans un seau
PUFFERFISH_SPAWN_EGG	Pufferfish Spawn Egg	Oeuf d'apparition de poisson-globe
PUMPKIN	Pumpkin	Citrouille
PUMPKIN_PIE	Pumpkin Pie	Tarte à la citrouille
PUMPKIN_SEEDS	Pumpkin Seeds	Graines de citrouille
PUMPKIN_STEM	Pumpkin Stem	Tige de citrouille
PURPLE_BANNER	Purple Banner	Bannière violette
PURPLE_BED	Purple Bed	Lit violet
PURPLE_BUNDLE	Purple Bundle	Sac violet
PURPLE_CANDLE	Purple Candle	Bougie violette
PURPLE_CANDLE_CAKE	Cake with Purple Candle	Gâteau à bougie violette
PURPLE_CARPET	Purple Carpet	Tapis violet
PURPLE_CONCRETE	Purple Concrete	Béton violet
PURPLE_CONCRETE_POWDER	Purple Concrete Powder	Béton violet en poudre
PURPLE_DYE	Purple Dye	Teinture violette
PURPLE_GLAZED_TERRACOTTA	Purple Glazed Terracotta	Terre cuite émaillée violette
PURPLE_HARNESS	Purple Harness	Harnais violet
PURPLE_SHULKER_BOX	Purple Shulker Box	Boîte de Shulker violette
PURPLE_STAINED_GLASS	Purple Stained Glass	Verre violet
PURPLE_STAINED_GLASS_PANE	Purple Stained Glass Pane	Vitre violette
PURPLE_TERRACOTTA	Purple Terracotta	Terre cuite violette
PURPLE_WOOL	Purple Wool	Laine violette
PURPUR_BLOCK	Purpur Block	Bloc de purpur
PURPUR_PILLAR	Purpur Pillar	Pilier de purpur
PURPUR_SLAB	Purpur Slab	Dalle de purpur
PURPUR_STAIRS	Purpur Stairs	Escalier en purpur
QUARTZ	Nether Quartz	Quartz du Nether
QUARTZ_BLOCK	Block of Quartz	Bloc de quartz
QUARTZ_BRICKS	Quartz Bricks	Briques de quartz
QUARTZ_PILLAR	Quartz Pillar	Pilier de quartz
QUARTZ_SLAB	Quartz Slab	Dalle de quartz
QUARTZ_STAIRS	Quartz Stairs	Escalier en quartz
RABBIT	Raw Rabbit	Lapin cru
RABBIT_FOOT	Rabbit's Foot	Patte de lapin
RABBIT_HIDE	Rabbit Hide	Peau de lapin
RABBIT_SPAWN_EGG	Rabbit Spawn Egg	Oeuf d'apparition de lapin
RABBIT_STEW	Rabbit Stew	Ragoût de lapin
RAIL	Rail	Rails
RAISER_ARMOR_TRIM_SMITHING_TEMPLATE	Smithing Template	Modèle de forge
RAVAGER_SPAWN_EGG	Ravager Spawn Egg	Oeuf d'apparition de ravageur
RAW_COPPER	Raw Copper	Cuivre brut
RAW_COPPER_BLOCK	Block of Raw Copper	Bloc de cuivre brut
RAW_GOLD	Raw Gold	Or brut
RAW_GOLD_BLOCK	Block of Raw Gold	Bloc d'or brut
RAW_IRON	Raw Iron	Fer brut
RAW_IRON_BLOCK	Block of Raw Iron	Bloc de fer brut
RECOVERY_COMPASS	Recovery Compass	Boussole de récupération
REDSTONE	Redstone Dust	Poudre de redstone
REDSTONE_BLOCK	Block of Redstone	Bloc de redstone
REDSTONE_LAMP	Redstone Lamp	Lampe à redstone
REDSTONE_ORE	Redstone Ore	Minerai de redstone
REDSTONE_TORCH	Redstone Torch	Torche de redstone
REDSTONE_WALL_TORCH	Redstone Wall Torch	Torche de redstone murale
REDSTONE_WIRE	Redstone Wire	Câble de redstone
RED_BANNER	Red Banner	Bannière rouge
RED_BED	Red Bed	Lit rouge
RED_BUNDLE	Red Bundle	Sac rouge
RED_CANDLE	Red Candle	Bougie rouge
RED_CANDLE_CAKE	Cake with Red Candle	Gâteau à bougie rouge
RED_CARPET	Red Carpet	Tapis rouge
RED_CONCRETE	Red Concrete	Béton rouge
RED_CONCRETE_POWDER	Red Concrete Powder	Béton rouge en poudre
RED_DYE	Red Dye	Teinture rouge
RED_GLAZED_TERRACOTTA	Red Glazed Terracotta	Terre cuite émaillée rouge
RED_HARNESS	Red Harness	Harnais rouge
RED_MUSHROOM	Red Mushroom	Champignon rouge
RED_MUSHROOM_BLOCK	Red Mushroom Block	Bloc de champignon rouge
RED_NETHER_BRICKS	Red Nether Bricks	Briques rouges du Nether
RED_NETHER_BRICK_SLAB	Red Nether Brick Slab	Dalle de briques rouges du Nether
RED_NETHER_BRICK_STAIRS	Red Nether Brick Stairs	Escalier en briques rouges du Nether
RED_NETHER_BRICK_WALL	Red Nether Brick Wall	Muret de briques rouges du Nether
RED_SAND	Red Sand	Sable rouge
RED_SANDSTONE	Red Sandstone	Grès rouge
RED_SANDSTONE_SLAB	Red Sandstone Slab	Dalle de grès rouge
RED_SANDSTONE_STAIRS	Red Sandstone Stairs	Escalier en grès rouge
RED_SANDSTONE_WALL	Red Sandstone Wall	Muret de grès rouge
RED_SHULKER_BOX	Red Shulker Box	Boîte de Shulker rouge
RED_STAINED_GLASS	Red Stained Glass	Verre rouge
RED_STAINED_GLASS_PANE	Red Stained Glass Pane	Vitre rouge
RED_TERRACOTTA	Red Terracotta	Terre cuite rouge
RED_TULIP	Red Tulip	Tulipe rouge
RED_WOOL	Red Wool	Laine rouge
REINFORCED_DEEPSLATE	Reinforced Deepslate	Ardoise des abîmes renforcée
REPEATER	Redstone Repeater	Répéteur de redstone
REPEATING_COMMAND_BLOCK	Repeating Command Block	Bloc de commande à répétition
RESIN_BLOCK	Block of Resin	Bloc de résine
RESIN_BRICK	Resin Brick	Brique de résine
RESIN_BRICKS	Resin Bricks	Briques de résine
RESIN_BRICK_SLAB	Resin Brick Slab	Dalle de briques de résine
RESIN_BRICK_STAIRS	Resin Brick Stairs	Escalier en briques de résine
RESIN_BRICK_WALL	Resin Brick Wall	Muret de briques de résine
RESIN_CLUMP	Resin Clump	Amas de résine
RESPAWN_ANCHOR	Respawn Anchor	Ancre de réapparition
RIB_ARMOR_TRIM_SMITHING_TEMPLATE	Smithing Template	Modèle de forge
ROOTED_DIRT	Rooted Dirt	Terre racineuse
ROSE_BUSH	Rose Bush	Rosier
ROTTEN_FLESH	Rotten Flesh	Chair putréfiée
SADDLE	Saddle	Selle
SALMON	Raw Salmon	Saumon cru
SALMON_BUCKET	Bucket of Salmon	Saumon dans un seau
SALMON_SPAWN_EGG	Salmon Spawn Egg	Oeuf d'apparition de saumon
SAND	Sand	Sable
SANDSTONE	Sandstone	Grès
SANDSTONE_SLAB	Sandstone Slab	Dalle de grès
SANDSTONE_STAIRS	Sandstone Stairs	Escalier en grès
SANDSTONE_WALL	Sandstone Wall	Muret de grès
SCAFFOLDING	Scaffolding	Échafaudage
SCRAPE_POTTERY_SHERD	Scrape Pottery Sherd	Tesson de poterie de hache
SCULK	Sculk	Sculk
SCULK_CATALYST	Sculk Catalyst	Catalyseur de sculk
SCULK_SENSOR	Sculk Sensor	Capteur sculk
SCULK_SHRIEKER	Sculk Shrieker	Hurleur sculk
SCULK_VEIN	Sculk Vein	Veine de sculk
SEAGRASS	Seagrass	Herbe aquatique
SEA_LANTERN	Sea Lantern	Lanterne aquatique
SEA_PICKLE	Sea Pickle	Cornichon de mer
SENTRY_ARMOR_TRIM_SMITHING_TEMPLATE	Smithing Template	Modèle de forge
SHAPER_ARMOR_TRIM_SMITHING_TEMPLATE	Smithing Template	Modèle de forge
SHEAF_POTTERY_SHERD	Sheaf Pottery Sherd	Tesson de poterie d'épis
SHEARS	Shears	Cisailles
SHEEP_SPAWN_EGG	Sheep Spawn Egg	Oeuf d'apparition de mouton
SHELTER_POTTERY_SHERD	Shelter Pottery Sherd	Tesson de poterie d'abri
SHIELD	Shield	Bouclier
SHORT_DRY_GRASS	Short Dry Grass	Herbes courtes sèches
SHORT_GRASS	Short Grass	Herbes courtes
SHROOMLIGHT	Shroomlight	Champilampe
SHULKER_BOX	Shulker Box	Boîte de Shulker
SHULKER_SHELL	Shulker Shell	Carapace de Shulker
SHULKER_SPAWN_EGG	Shulker Spawn Egg	Oeuf d'apparition de Shulker
SILENCE_ARMOR_TRIM_SMITHING_TEMPLATE	Smithing Template	Modèle de forge
SILVERFISH_SPAWN_EGG	Silverfish Spawn Egg	Oeuf d'apparition de poisson d'argent
SKELETON_HORSE_SPAWN_EGG	Skeleton Horse Spawn Egg	Oeuf d'apparition de cheval-squelette
SKELETON_SKULL	Skeleton Skull	Crâne de squelette
SKELETON_SPAWN_EGG	Skeleton Spawn Egg	Oeuf d'apparition de squelette
SKELETON_WALL_SKULL	Skeleton Wall Skull	Crâne de squelette mural
SKULL_BANNER_PATTERN	Banner Pattern	Motif de bannière
SKULL_POTTERY_SHERD	Skull Pottery Sherd	Tesson de poterie de crâne
SLIME_BALL	Slimeball	Boule de slime
SLIME_BLOCK	Slime Block	Bloc de slime
SLIME_SPAWN_EGG	Slime Spawn Egg	Oeuf d'apparition de Slime
SMALL_AMETHYST_BUD	Small Amethyst Bud	Petit cristal d'améthyste
SMALL_DRIPLEAF	Small Dripleaf	Petite foliogoutte
SMITHING_TABLE	Smithing Table	Table de forge
SMOKER	Smoker	Fumoir
SMOOTH_BASALT	Smooth Basalt	Basalte lisse
SMOOTH_QUARTZ	Smooth Quartz Block	Bloc de quartz lisse
SMOOTH_QUARTZ_SLAB	Smooth Quartz Slab	Dalle de quartz lisse
SMOOTH_QUARTZ_STAIRS	Smooth Quartz Stairs	Escalier en quartz lisse
SMOOTH_RED_SANDSTONE	Smooth Red Sandstone	Grès rouge lisse
SMOOTH_RED_SANDSTONE_SLAB	Smooth Red Sandstone Slab	Dalle de grès rouge lisse
SMOOTH_RED_SANDSTONE_STAIRS	Smooth Red Sandstone Stairs	Escalier en grès rouge lisse
SMOOTH_SANDSTONE	Smooth Sandstone	Grès lisse
SMOOTH_SANDSTONE_SLAB	Smooth Sandstone Slab	Dalle de grès lisse
SMOOTH_SANDSTONE_STAIRS	Smooth Sandstone Stairs	Escalier en grès lisse
SMOOTH_STONE	Smooth Stone	Roche lisse
SMOOTH_STONE_SLAB	Smooth Stone Slab	Dalle de roche lisse
SNIFFER_EGG	Sniffer Egg	Oeuf de renifleur
SNIFFER_SPAWN_EGG	Sniffer Spawn Egg	Oeuf d'apparition de renifleur
SNORT_POTTERY_SHERD	Snort Pottery Sherd	Tesson de poterie de renifleur
SNOUT_ARMOR_TRIM_SMITHING_TEMPLATE	Smithing Template	Modèle de forge
SNOW	Snow	Neige
SNOWBALL	Snowball	Boule de neige
SNOW_BLOCK	Snow Block	Bloc de neige
SNOW_GOLEM_SPAWN_EGG	Snow Golem Spawn Egg	Oeuf d'apparition de golem de neige
SOUL_CAMPFIRE	Soul Campfire	Feu de camp des âmes
SOUL_FIRE	Soul Fire	Feu des âmes
SOUL_LANTERN	Soul Lantern	Lanterne des âmes
SOUL_SAND	Soul Sand	Sable des âmes
SOUL_SOIL	Soul Soil	Terre des âmes
SOUL_TORCH	Soul Torch	Torche des âmes
SOUL_WALL_TORCH	Soul Wall Torch	Torche des âmes murale
SPAWNER	Monster Spawner	Générateur de créatures
SPECTRAL_ARROW	Spectral Arrow	Flèche spectrale
SPIDER_EYE	Spider Eye	Oeil d'araignée
SPIDER_SPAWN_EGG	Spider Spawn Egg	Oeuf d'apparition d'araignée
SPIRE_ARMOR_TRIM_SMITHING_TEMPLATE	Smithing Template	Modèle de forge
SPLASH_POTION	Splash Potion	Potion jetable
SPONGE	Sponge	Éponge
SPORE_BLOSSOM	Spore Blossom	Fleur sporifère
SPRUCE_BOAT	Spruce Boat	Bateau en sapin
SPRUCE_BUTTON	Spruce Button	Bouton en sapin
SPRUCE_CHEST_BOAT	Spruce Boat with Chest	Bateau de stockage en sapin
SPRUCE_DOOR	Spruce Door	Porte en sapin
SPRUCE_FENCE	Spruce Fence	Barrière en sapin
SPRUCE_FENCE_GATE	Spruce Fence Gate	Portillon en sapin
SPRUCE_HANGING_SIGN	Spruce Hanging Sign	Pancarte suspendue en sapin
SPRUCE_LEAVES	Spruce Leaves	Feuilles de sapin
SPRUCE_LOG	Spruce Log	Bûche de sapin
SPRUCE_PLANKS	Spruce Planks	Planches de sapin
SPRUCE_PRESSURE_PLATE	Spruce Pressure Plate	Plaque de pression en sapin
SPRUCE_SAPLING	Spruce Sapling	Pousse de sapin
SPRUCE_SHELF	Spruce Shelf	Étagère en sapin
SPRUCE_SIGN	Spruce Sign	Pancarte en sapin
SPRUCE_SLAB	Spruce Slab	Dalle en sapin
SPRUCE_STAIRS	Spruce Stairs	Escalier en sapin
SPRUCE_TRAPDOOR	Spruce Trapdoor	Trappe en sapin
SPRUCE_WALL_HANGING_SIGN	Spruce Wall Hanging Sign	Pancarte suspendue en sapin murale
SPRUCE_WALL_SIGN	Spruce Wall Sign	Pancarte en sapin murale
SPRUCE_WOOD	Spruce Wood	Bois de sapin
SPYGLASS	Spyglass	Longue-vue
SQUID_SPAWN_EGG	Squid Spawn Egg	Oeuf d'apparition de poulpe
STICK	Stick	Bâton
STICKY_PISTON	Sticky Piston	Piston collant
STONE	Stone	Roche
STONECUTTER	Stonecutter	Tailleur de pierre
STONE_AXE	Stone Axe	Hache en pierre
STONE_BRICKS	Stone Bricks	Pierre taillée
STONE_BRICK_SLAB	Stone Brick Slab	Dalle de pierre taillée
STONE_BRICK_STAIRS	Stone Brick Stairs	Escalier en pierre taillée
STONE_BRICK_WALL	Stone Brick Wall	Muret de pierre taillée
STONE_BUTTON	Stone Button	Bouton en pierre
STONE_HOE	Stone Hoe	Houe en pierre
STONE_PICKAXE	Stone Pickaxe	Pioche en pierre
STONE_PRESSURE_PLATE	Stone Pressure Plate	Plaque de pression en pierre
STONE_SHOVEL	Stone Shovel	Pelle en pierre
STONE_SLAB	Stone Slab	Dalle de roche
STONE_SPEAR	Stone Spear	Lance en pierre
STONE_STAIRS	Stone Stairs	Escalier en roche
STONE_SWORD	Stone Sword	Épée en pierre
STRAY_SPAWN_EGG	Stray Spawn Egg	Oeuf d'apparition de vagabond
STRIDER_SPAWN_EGG	Strider Spawn Egg	Oeuf d'apparition d'arpenteur
STRING	String	Ficelle
STRIPPED_ACACIA_LOG	Stripped Acacia Log	Bûche d'acacia écorcée
STRIPPED_ACACIA_WOOD	Stripped Acacia Wood	Bois d'acacia écorcé
STRIPPED_BAMBOO_BLOCK	Block of Stripped Bamboo	Bloc de bambou écorcé
STRIPPED_BIRCH_LOG	Stripped Birch Log	Bûche de bouleau écorcée
STRIPPED_BIRCH_WOOD	Stripped Birch Wood	Bois de bouleau écorcé
STRIPPED_CHERRY_LOG	Stripped Cherry Log	Bûche de cerisier écorcée
STRIPPED_CHERRY_WOOD	Stripped Cherry Wood	Bois de cerisier écorcé
STRIPPED_CRIMSON_HYPHAE	Stripped Crimson Hyphae	Hyphes carmin dénudées
STRIPPED_CRIMSON_STEM	Stripped Crimson Stem	Tige carmin dénudée
STRIPPED_DARK_OAK_LOG	Stripped Dark Oak Log	Bûche de chêne noir écorcée
STRIPPED_DARK_OAK_WOOD	Stripped Dark Oak Wood	Bois de chêne noir écorcé
STRIPPED_JUNGLE_LOG	Stripped Jungle Log	Bûche d'acajou écorcée
STRIPPED_JUNGLE_WOOD	Stripped Jungle Wood	Bois d'acajou écorcé
STRIPPED_MANGROVE_LOG	Stripped Mangrove Log	Bûche de palétuvier écorcée
STRIPPED_MANGROVE_WOOD	Stripped Mangrove Wood	Bois de palétuvier écorcé
STRIPPED_OAK_LOG	Stripped Oak Log	Bûche de chêne écorcée
STRIPPED_OAK_WOOD	Stripped Oak Wood	Bois de chêne écorcé
STRIPPED_PALE_OAK_LOG	Stripped Pale Oak Log	Bûche de chêne pâle écorcée
STRIPPED_PALE_OAK_WOOD	Stripped Pale Oak Wood	Bois de chêne pâle écorcé
STRIPPED_SPRUCE_LOG	Stripped Spruce Log	Bûche de sapin écorcée
STRIPPED_SPRUCE_WOOD	Stripped Spruce Wood	Bois de sapin écorcé
STRIPPED_WARPED_HYPHAE	Stripped Warped Hyphae	Hyphes biscornues dénudées
STRIPPED_WARPED_STEM	Stripped Warped Stem	Tige biscornue dénudée
STRUCTURE_BLOCK	Structure Block	Bloc de structure
STRUCTURE_VOID	Structure Void	Vide de structure
SUGAR	Sugar	Sucre
SUGAR_CANE	Sugar Cane	Canne à sucre
SULFUR	Sulfur	Soufre
SULFUR_BRICKS	Sulfur Bricks	Briques de soufre
SULFUR_BRICK_SLAB	Sulfur Brick Slab	Dalle en briques de soufre
SULFUR_BRICK_STAIRS	Sulfur Brick Stairs	Escalier en briques de soufre
SULFUR_BRICK_WALL	Sulfur Brick Wall	Muret en briques de soufre
SULFUR_CUBE_BUCKET	Bucket of Sulfur Cube	Seau de cube de soufre
SULFUR_CUBE_SPAWN_EGG	Sulfur Cube Spawn Egg	Oeuf d'invocation de cube de soufre
SULFUR_SLAB	Sulfur Slab	Dalle de soufre
SULFUR_SPIKE	Sulfur Spike	Pique de soufre
SULFUR_STAIRS	Sulfur Stairs	Escalier de soufre
SULFUR_WALL	Sulfur Wall	Muret de soufre
SUNFLOWER	Sunflower	Tournesol
SUSPICIOUS_GRAVEL	Suspicious Gravel	Gravier suspect
SUSPICIOUS_SAND	Suspicious Sand	Sable suspect
SUSPICIOUS_STEW	Suspicious Stew	Soupe suspecte
SWEET_BERRIES	Sweet Berries	Baies sucrées
SWEET_BERRY_BUSH	Sweet Berry Bush	Buisson à baies sucrées
TADPOLE_BUCKET	Bucket of Tadpole	Têtard dans un seau
TADPOLE_SPAWN_EGG	Tadpole Spawn Egg	Oeuf d'apparition de têtard
TALL_DRY_GRASS	Tall Dry Grass	Hautes herbes sèches
TALL_GRASS	Tall Grass	Hautes herbes
TALL_SEAGRASS	Tall Seagrass	Hautes herbes aquatiques
TARGET	Target	Cible
TERRACOTTA	Terracotta	Terre cuite
TEST_BLOCK	Test Block	Bloc de test
TEST_INSTANCE_BLOCK	Test Instance Block	Bloc d'instance de test
TIDE_ARMOR_TRIM_SMITHING_TEMPLATE	Smithing Template	Modèle de forge
TINTED_GLASS	Tinted Glass	Verre teinté
TIPPED_ARROW	Tipped Arrow	Flèche à effet
TNT	TNT	TNT
TNT_MINECART	Minecart with TNT	Wagonnet à TNT
TORCH	Torch	Torche
TORCHFLOWER	Torchflower	Torche-fleur
TORCHFLOWER_CROP	Torchflower Crop	Plant de torche-fleur
TORCHFLOWER_SEEDS	Torchflower Seeds	Graines de torche-fleur
TOTEM_OF_UNDYING	Totem of Undying	Totem d'immortalité
TRADER_LLAMA_SPAWN_EGG	Trader Llama Spawn Egg	Oeuf d'apparition de lama de marchand
TRAPPED_CHEST	Trapped Chest	Coffre piégé
TRIAL_KEY	Trial Key	Clé des épreuves
TRIAL_SPAWNER	Trial Spawner	Générateur des épreuves
TRIDENT	Trident	Trident
TRIPWIRE	Tripwire	Fil de déclenchement
TRIPWIRE_HOOK	Tripwire Hook	Crochet
TROPICAL_FISH	Tropical Fish	Poisson tropical
TROPICAL_FISH_BUCKET	Bucket of Tropical Fish	Poisson tropical dans un seau
TROPICAL_FISH_SPAWN_EGG	Tropical Fish Spawn Egg	Oeuf d'apparition de poisson tropical
TUBE_CORAL	Tube Coral	Corail tubulaire
TUBE_CORAL_BLOCK	Tube Coral Block	Bloc de corail tubulaire
TUBE_CORAL_FAN	Tube Coral Fan	Gorgone de corail tubulaire
TUBE_CORAL_WALL_FAN	Tube Coral Wall Fan	Gorgone de corail tubulaire murale
TUFF	Tuff	Tuf
TUFF_BRICKS	Tuff Bricks	Tuf taillé
TUFF_BRICK_SLAB	Tuff Brick Slab	Dalle de tuf taillé
TUFF_BRICK_STAIRS	Tuff Brick Stairs	Escalier en tuf taillé
TUFF_BRICK_WALL	Tuff Brick Wall	Muret de tuf taillé
TUFF_SLAB	Tuff Slab	Dalle de tuf
TUFF_STAIRS	Tuff Stairs	Escalier en tuf
TUFF_WALL	Tuff Wall	Muret de tuf
TURTLE_EGG	Turtle Egg	Oeuf de tortue
TURTLE_HELMET	Turtle Shell	Carapace de tortue
TURTLE_SCUTE	Turtle Scute	Écaille de tortue
TURTLE_SPAWN_EGG	Turtle Spawn Egg	Oeuf d'apparition de tortue
TWISTING_VINES	Twisting Vines	Lianes tortueuses
TWISTING_VINES_PLANT	Twisting Vines Plant	Plante de lianes tortueuses
VAULT	Vault	Coffre-fort
VERDANT_FROGLIGHT	Verdant Froglight	Grelampe verdoyante
VEX_ARMOR_TRIM_SMITHING_TEMPLATE	Smithing Template	Modèle de forge
VEX_SPAWN_EGG	Vex Spawn Egg	Oeuf d'apparition de Vex
VILLAGER_SPAWN_EGG	Villager Spawn Egg	Oeuf d'apparition de villageois
VINDICATOR_SPAWN_EGG	Vindicator Spawn Egg	Oeuf d'apparition de vindicateur
VINE	Vines	Lianes
VOID_AIR	Void Air	Air du vide
WALL_TORCH	Wall Torch	Torche murale
WANDERING_TRADER_SPAWN_EGG	Wandering Trader Spawn Egg	Oeuf d'apparition de marchand ambulant
WARDEN_SPAWN_EGG	Warden Spawn Egg	Oeuf d'apparition de Warden
WARD_ARMOR_TRIM_SMITHING_TEMPLATE	Smithing Template	Modèle de forge
WARPED_BUTTON	Warped Button	Bouton biscornu
WARPED_DOOR	Warped Door	Porte biscornue
WARPED_FENCE	Warped Fence	Barrière biscornue
WARPED_FENCE_GATE	Warped Fence Gate	Portillon biscornu
WARPED_FUNGUS	Warped Fungus	Champignon biscornu
WARPED_FUNGUS_ON_A_STICK	Warped Fungus on a Stick	Champignon biscornu sur un bâton
WARPED_HANGING_SIGN	Warped Hanging Sign	Pancarte suspendue biscornue
WARPED_HYPHAE	Warped Hyphae	Hyphes biscornues
WARPED_NYLIUM	Warped Nylium	Nylium biscornu
WARPED_PLANKS	Warped Planks	Planches biscornues
WARPED_PRESSURE_PLATE	Warped Pressure Plate	Plaque de pression biscornue
WARPED_ROOTS	Warped Roots	Racines biscornues
WARPED_SHELF	Warped Shelf	Étagère biscornue
WARPED_SIGN	Warped Sign	Pancarte biscornue
WARPED_SLAB	Warped Slab	Dalle biscornue
WARPED_STAIRS	Warped Stairs	Escalier biscornu
WARPED_STEM	Warped Stem	Tige biscornue
WARPED_TRAPDOOR	Warped Trapdoor	Trappe biscornue
WARPED_WALL_HANGING_SIGN	Warped Wall Hanging Sign	Pancarte suspendue biscornue murale
WARPED_WALL_SIGN	Warped Wall Sign	Pancarte biscornue murale
WARPED_WART_BLOCK	Warped Wart Block	Bloc de verrues biscornues
WATER	Water	Eau
WATER_BUCKET	Water Bucket	Seau d'eau
WATER_CAULDRON	Water Cauldron	Chaudron d'eau
WAXED_CHISELED_COPPER	Waxed Chiseled Copper	Cuivre sculpté ciré
WAXED_COPPER_BARS	Waxed Copper Bars	Barreaux de cuivre ciré
WAXED_COPPER_BLOCK	Waxed Block of Copper	Bloc de cuivre ciré
WAXED_COPPER_BULB	Waxed Copper Bulb	Ampoule en cuivre ciré
WAXED_COPPER_CHAIN	Waxed Copper Chain	Chaîne en cuivre ciré
WAXED_COPPER_CHEST	Waxed Copper Chest	Coffre en cuivre ciré
WAXED_COPPER_DOOR	Waxed Copper Door	Porte en cuivre ciré
WAXED_COPPER_GOLEM_STATUE	Waxed Copper Golem Statue	Statue de golem de cuivre ciré
WAXED_COPPER_GRATE	Waxed Copper Grate	Grille en cuivre ciré
WAXED_COPPER_LANTERN	Waxed Copper Lantern	Lanterne en cuivre ciré
WAXED_COPPER_TRAPDOOR	Waxed Copper Trapdoor	Trappe en cuivre ciré
WAXED_CUT_COPPER	Waxed Cut Copper	Cuivre taillé ciré
WAXED_CUT_COPPER_SLAB	Waxed Cut Copper Slab	Dalle de cuivre taillé ciré
WAXED_CUT_COPPER_STAIRS	Waxed Cut Copper Stairs	Escalier en cuivre taillé ciré
WAXED_EXPOSED_CHISELED_COPPER	Waxed Exposed Chiseled Copper	Cuivre sculpté exposé ciré
WAXED_EXPOSED_COPPER	Waxed Exposed Copper	Cuivre exposé ciré
WAXED_EXPOSED_COPPER_BARS	Waxed Exposed Copper Bars	Barreaux de cuivre exposé ciré
WAXED_EXPOSED_COPPER_BULB	Waxed Exposed Copper Bulb	Ampoule en cuivre exposé ciré
WAXED_EXPOSED_COPPER_CHAIN	Waxed Exposed Copper Chain	Chaîne en cuivre exposé ciré
WAXED_EXPOSED_COPPER_CHEST	Waxed Exposed Copper Chest	Coffre en cuivre exposé ciré
WAXED_EXPOSED_COPPER_DOOR	Waxed Exposed Copper Door	Porte en cuivre exposé ciré
WAXED_EXPOSED_COPPER_GOLEM_STATUE	Waxed Exposed Copper Golem Statue	Statue de golem de cuivre exposé ciré
WAXED_EXPOSED_COPPER_GRATE	Waxed Exposed Copper Grate	Grille en cuivre exposé ciré
WAXED_EXPOSED_COPPER_LANTERN	Waxed Exposed Copper Lantern	Lanterne en cuivre exposé ciré
WAXED_EXPOSED_COPPER_TRAPDOOR	Waxed Exposed Copper Trapdoor	Trappe en cuivre exposé ciré
WAXED_EXPOSED_CUT_COPPER	Waxed Exposed Cut Copper	Cuivre taillé exposé ciré
WAXED_EXPOSED_CUT_COPPER_SLAB	Waxed Exposed Cut Copper Slab	Dalle de cuivre taillé exposé ciré
WAXED_EXPOSED_CUT_COPPER_STAIRS	Waxed Exposed Cut Copper Stairs	Escalier en cuivre taillé exposé ciré
WAXED_EXPOSED_LIGHTNING_ROD	Waxed Exposed Lightning Rod	Paratonnerre exposé ciré
WAXED_LIGHTNING_ROD	Waxed Lightning Rod	Paratonnerre ciré
WAXED_OXIDIZED_CHISELED_COPPER	Waxed Oxidized Chiseled Copper	Cuivre sculpté oxydé ciré
WAXED_OXIDIZED_COPPER	Waxed Oxidized Copper	Cuivre oxydé ciré
WAXED_OXIDIZED_COPPER_BARS	Waxed Oxidized Copper Bars	Barreaux de cuivre oxydé ciré
WAXED_OXIDIZED_COPPER_BULB	Waxed Oxidized Copper Bulb	Ampoule en cuivre oxydé ciré
WAXED_OXIDIZED_COPPER_CHAIN	Waxed Oxidized Copper Chain	Chaîne en cuivre oxydé ciré
WAXED_OXIDIZED_COPPER_CHEST	Waxed Oxidized Copper Chest	Coffre en cuivre oxydé ciré
WAXED_OXIDIZED_COPPER_DOOR	Waxed Oxidized Copper Door	Porte en cuivre oxydé ciré
WAXED_OXIDIZED_COPPER_GOLEM_STATUE	Waxed Oxidized Copper Golem Statue	Statue de golem de cuivre oxydé ciré
WAXED_OXIDIZED_COPPER_GRATE	Waxed Oxidized Copper Grate	Grille en cuivre oxydé ciré
WAXED_OXIDIZED_COPPER_LANTERN	Waxed Oxidized Copper Lantern	Lanterne en cuivre oxydé ciré
WAXED_OXIDIZED_COPPER_TRAPDOOR	Waxed Oxidized Copper Trapdoor	Trappe en cuivre oxydé ciré
WAXED_OXIDIZED_CUT_COPPER	Waxed Oxidized Cut Copper	Cuivre taillé oxydé ciré
WAXED_OXIDIZED_CUT_COPPER_SLAB	Waxed Oxidized Cut Copper Slab	Dalle de cuivre taillé oxydé ciré
WAXED_OXIDIZED_CUT_COPPER_STAIRS	Waxed Oxidized Cut Copper Stairs	Escalier en cuivre taillé oxydé ciré
WAXED_OXIDIZED_LIGHTNING_ROD	Waxed Oxidized Lightning Rod	Paratonnerre oxydé ciré
WAXED_WEATHERED_CHISELED_COPPER	Waxed Weathered Chiseled Copper	Cuivre sculpté érodé ciré
WAXED_WEATHERED_COPPER	Waxed Weathered Copper	Cuivre érodé ciré
WAXED_WEATHERED_COPPER_BARS	Waxed Weathered Copper Bars	Barreaux de cuivre érodé ciré
WAXED_WEATHERED_COPPER_BULB	Waxed Weathered Copper Bulb	Ampoule en cuivre érodé ciré
WAXED_WEATHERED_COPPER_CHAIN	Waxed Weathered Copper Chain	Chaîne en cuivre érodé ciré
WAXED_WEATHERED_COPPER_CHEST	Waxed Weathered Copper Chest	Coffre en cuivre érodé ciré
WAXED_WEATHERED_COPPER_DOOR	Waxed Weathered Copper Door	Porte en cuivre érodé ciré
WAXED_WEATHERED_COPPER_GOLEM_STATUE	Waxed Weathered Copper Golem Statue	Statue de golem de cuivre érodé ciré
WAXED_WEATHERED_COPPER_GRATE	Waxed Weathered Copper Grate	Grille en cuivre érodé ciré
WAXED_WEATHERED_COPPER_LANTERN	Waxed Weathered Copper Lantern	Lanterne en cuivre érodé ciré
WAXED_WEATHERED_COPPER_TRAPDOOR	Waxed Weathered Copper Trapdoor	Trappe en cuivre érodé ciré
WAXED_WEATHERED_CUT_COPPER	Waxed Weathered Cut Copper	Cuivre taillé érodé ciré
WAXED_WEATHERED_CUT_COPPER_SLAB	Waxed Weathered Cut Copper Slab	Dalle de cuivre taillé érodé ciré
WAXED_WEATHERED_CUT_COPPER_STAIRS	Waxed Weathered Cut Copper Stairs	Escalier en cuivre taillé érodé ciré
WAXED_WEATHERED_LIGHTNING_ROD	Waxed Weathered Lightning Rod	Paratonnerre érodé ciré
WAYFINDER_ARMOR_TRIM_SMITHING_TEMPLATE	Smithing Template	Modèle de forge
WEATHERED_CHISELED_COPPER	Weathered Chiseled Copper	Cuivre sculpté érodé
WEATHERED_COPPER	Weathered Copper	Cuivre érodé
WEATHERED_COPPER_BARS	Weathered Copper Bars	Barreaux de cuivre érodé
WEATHERED_COPPER_BULB	Weathered Copper Bulb	Ampoule en cuivre érodé
WEATHERED_COPPER_CHAIN	Weathered Copper Chain	Chaîne en cuivre érodé
WEATHERED_COPPER_CHEST	Weathered Copper Chest	Coffre en cuivre érodé
WEATHERED_COPPER_DOOR	Weathered Copper Door	Porte en cuivre érodé
WEATHERED_COPPER_GOLEM_STATUE	Weathered Copper Golem Statue	Statue de golem de cuivre érodé
WEATHERED_COPPER_GRATE	Weathered Copper Grate	Grille en cuivre érodé
WEATHERED_COPPER_LANTERN	Weathered Copper Lantern	Lanterne en cuivre érodé
WEATHERED_COPPER_TRAPDOOR	Weathered Copper Trapdoor	Trappe en cuivre érodé
WEATHERED_CUT_COPPER	Weathered Cut Copper	Cuivre taillé érodé
WEATHERED_CUT_COPPER_SLAB	Weathered Cut Copper Slab	Dalle de cuivre taillé érodé
WEATHERED_CUT_COPPER_STAIRS	Weathered Cut Copper Stairs	Escalier en cuivre taillé érodé
WEATHERED_LIGHTNING_ROD	Weathered Lightning Rod	Paratonnerre érodé
WEEPING_VINES	Weeping Vines	Lianes pleureuses
WEEPING_VINES_PLANT	Weeping Vines Plant	Plante de lianes pleureuses
WET_SPONGE	Wet Sponge	Éponge mouillée
WHEAT	Wheat	Blé
WHEAT_SEEDS	Wheat Seeds	Graines de blé
WHITE_BANNER	White Banner	Bannière blanche
WHITE_BED	White Bed	Lit blanc
WHITE_BUNDLE	White Bundle	Sac blanc
WHITE_CANDLE	White Candle	Bougie blanche
WHITE_CANDLE_CAKE	Cake with White Candle	Gâteau à bougie blanche
WHITE_CARPET	White Carpet	Tapis blanc
WHITE_CONCRETE	White Concrete	Béton blanc
WHITE_CONCRETE_POWDER	White Concrete Powder	Béton blanc en poudre
WHITE_DYE	White Dye	Teinture blanche
WHITE_GLAZED_TERRACOTTA	White Glazed Terracotta	Terre cuite émaillée blanche
WHITE_HARNESS	White Harness	Harnais blanc
WHITE_SHULKER_BOX	White Shulker Box	Boîte de Shulker blanche
WHITE_STAINED_GLASS	White Stained Glass	Verre blanc
WHITE_STAINED_GLASS_PANE	White Stained Glass Pane	Vitre blanche
WHITE_TERRACOTTA	White Terracotta	Terre cuite blanche
WHITE_TULIP	White Tulip	Tulipe blanche
WHITE_WOOL	White Wool	Laine blanche
WILDFLOWERS	Wildflowers	Fleurs sauvages
WILD_ARMOR_TRIM_SMITHING_TEMPLATE	Smithing Template	Modèle de forge
WIND_CHARGE	Wind Charge	Charge de vent
WITCH_SPAWN_EGG	Witch Spawn Egg	Oeuf d'apparition de sorcière
WITHER_ROSE	Wither Rose	Rose de Wither
WITHER_SKELETON_SKULL	Wither Skeleton Skull	Crâne de Wither squelette
WITHER_SKELETON_SPAWN_EGG	Wither Skeleton Spawn Egg	Oeuf d'apparition de Wither squelette
WITHER_SKELETON_WALL_SKULL	Wither Skeleton Wall Skull	Crâne de Wither squelette mural
WITHER_SPAWN_EGG	Wither Spawn Egg	Oeuf d'apparition de Wither
WOLF_ARMOR	Wolf Armor	Armure pour loup
WOLF_SPAWN_EGG	Wolf Spawn Egg	Oeuf d'apparition de loup
WOODEN_AXE	Wooden Axe	Hache en bois
WOODEN_HOE	Wooden Hoe	Houe en bois
WOODEN_PICKAXE	Wooden Pickaxe	Pioche en bois
WOODEN_SHOVEL	Wooden Shovel	Pelle en bois
WOODEN_SPEAR	Wooden Spear	Lance en bois
WOODEN_SWORD	Wooden Sword	Épée en bois
WRITABLE_BOOK	Book and Quill	Livre et plume
WRITTEN_BOOK	Written Book	Livre écrit
YELLOW_BANNER	Yellow Banner	Bannière jaune
YELLOW_BED	Yellow Bed	Lit jaune
YELLOW_BUNDLE	Yellow Bundle	Sac jaune
YELLOW_CANDLE	Yellow Candle	Bougie jaune
YELLOW_CANDLE_CAKE	Cake with Yellow Candle	Gâteau à bougie jaune
YELLOW_CARPET	Yellow Carpet	Tapis jaune
YELLOW_CONCRETE	Yellow Concrete	Béton jaune
YELLOW_CONCRETE_POWDER	Yellow Concrete Powder	Béton jaune en poudre
YELLOW_DYE	Yellow Dye	Teinture jaune
YELLOW_GLAZED_TERRACOTTA	Yellow Glazed Terracotta	Terre cuite émaillée jaune
YELLOW_HARNESS	Yellow Harness	Harnais jaune
YELLOW_SHULKER_BOX	Yellow Shulker Box	Boîte de Shulker jaune
YELLOW_STAINED_GLASS	Yellow Stained Glass	Verre jaune
YELLOW_STAINED_GLASS_PANE	Yellow Stained Glass Pane	Vitre jaune
YELLOW_TERRACOTTA	Yellow Terracotta	Terre cuite jaune
YELLOW_WOOL	Yellow Wool	Laine jaune
ZOGLIN_SPAWN_EGG	Zoglin Spawn Egg	Oeuf d'apparition de Zoglin
ZOMBIE_HEAD	Zombie Head	Tête de zombie
ZOMBIE_HORSE_SPAWN_EGG	Zombie Horse Spawn Egg	Oeuf d'apparition de cheval-zombie
ZOMBIE_NAUTILUS_SPAWN_EGG	Zombie Nautilus Spawn Egg	Oeuf d'apparition de nautile-zombie
ZOMBIE_SPAWN_EGG	Zombie Spawn Egg	Oeuf d'apparition de zombie
ZOMBIE_VILLAGER_SPAWN_EGG	Zombie Villager Spawn Egg	Oeuf d'apparition de zombie-villageois
ZOMBIE_WALL_HEAD	Zombie Wall Head	Tête de zombie murale
ZOMBIFIED_PIGLIN_SPAWN_EGG	Zombified Piglin Spawn Egg	Oeuf d'apparition de Piglin zombifié
